date,ce_entry,pe_entry,ce_sl,pe_sl,ce_exit,ce_exit_time,pe_exit,pe_exit_time,entry,exit,diff
1/6/2016,73.1,119.95,98.685,161.9325,100.1,10:00:59,164,12:46:59,193.05,264.1,-71.05
2/6/2016,44.6,74,60.21,99.9,66.05,10:25:59,0.1,15:17:59,118.6,66.15,52.45
3/6/2016,172.7,177.95,233.145,240.2325,154.3,15:15:59,195.5,15:15:59,350.65,349.8,0.85
6/6/2016,167.9,179,226.665,241.65,147,15:15:59,183,15:15:59,346.9,330,16.9
7/6/2016,116.75,195.05,157.6125,263.3175,158.75,12:42:59,63.55,15:15:59,311.8,222.3,89.5
8/6/2016,49.7,138.8,67.095,187.38,68.65,10:23:59,71.05,15:15:59,188.5,139.7,48.8
9/6/2016,22.3,116,30.105,156.6,0.05,15:16:59,157.5,9:56:59,138.3,157.55,-19.25
10/6/2016,111.95,192.15,151.1325,259.4025,159.95,11:02:59,193.25,15:15:59,304.1,353.2,-49.1
13/06/2016,115.95,169.95,156.5325,229.4325,107.75,15:15:59,145.65,15:15:59,285.9,253.4,32.5
14/06/2016,101.85,142,137.4975,191.7,147.65,14:47:59,88.7,15:15:59,243.85,236.35,7.5
15/06/2016,68.25,125.85,92.1375,169.8975,105.95,14:04:59,20,15:15:59,194.1,125.95,68.15
16/06/2016,78.4,39.15,105.84,52.8525,118.55,9:58:59,53,10:47:59,117.55,171.55,-54
17/06/2016,165.05,168,222.8175,226.8,102.35,15:15:59,245.05,14:25:59,333.05,347.4,-14.35
20/06/2016,157.5,136.75,212.625,184.6125,220,9:50:59,78.45,15:15:59,294.25,298.45,-4.2
21/06/2016,148,107.75,199.8,145.4625,130.15,15:15:59,94.45,15:15:59,255.75,224.6,31.15
22/06/2016,101.4,81.15,136.89,109.5525,34.3,15:15:59,112.55,13:04:59,182.55,146.85,35.7
23/06/2016,74,47.55,99.9,64.1925,100,12:28:59,0.05,15:15:59,121.55,100.05,21.5
24/06/2016,247.25,302.7,333.7875,408.645,333.95,14:17:59,410,10:27:59,549.95,743.95,-194
27/06/2016,154,173.15,207.9,233.7525,145.95,15:15:59,144.7,15:15:59,327.15,290.65,36.5
28/06/2016,104.4,176,140.94,237.6,97.9,15:15:59,128,15:15:59,280.4,225.9,54.5
29/06/2016,101,82.4,136.35,111.24,137.05,13:23:59,33.9,15:15:59,183.4,170.95,12.45
30/06/2016,67.1,45,90.585,60.75,90.95,10:08:59,0.1,15:15:59,112.1,91.05,21.05
1/8/2016,174.9,94,236.115,126.9,47.85,15:15:59,137.85,11:58:59,268.9,185.7,83.2
2/8/2016,133.55,98.35,180.2925,132.7725,84.65,15:15:59,133.95,14:13:59,231.9,218.6,13.3
3/8/2016,105.45,101.9,142.3575,137.565,150.3,10:13:59,145,15:14:59,207.35,295.3,-87.95
4/8/2016,81.85,45,110.4975,60.75,118.15,9:52:59,0.15,15:15:59,126.85,118.3,8.55
5/8/2016,195.5,139.9,263.925,188.865,231.6,15:15:59,94.5,15:15:59,335.4,326.1,9.3
8/8/2016,170.65,117,230.3775,157.95,166.75,15:15:59,110.15,15:15:59,287.65,276.9,10.75
9/8/2016,153,117.8,206.55,159.03,118.25,15:15:59,86,15:15:59,270.8,204.25,66.55
10/8/2016,79.1,94.65,106.785,127.7775,7.05,15:15:59,149.15,10:09:59,173.75,156.2,17.55
11/8/2016,40.05,58.8,54.0675,79.38,55.4,10:57:59,0.15,15:16:59,98.85,55.55,43.3
12/8/2016,120,144.7,162,195.345,165.55,12:48:59,60.25,15:15:59,264.7,225.8,38.9
16/08/2016,109.1,102.45,147.285,138.3075,94.85,15:15:59,142.8,11:01:59,211.55,237.65,-26.1
17/08/2016,90.55,75.85,122.2425,102.3975,125.25,12:11:59,50.45,15:15:59,166.4,175.7,-9.3
18/08/2016,30.7,61,41.445,82.35,42.45,9:52:59,0.05,15:15:59,91.7,42.5,49.2
19/08/2016,160.4,156.4,216.54,211.14,153.4,15:15:59,135.5,15:15:59,316.8,288.9,27.9
22/08/2016,150.1,127.35,202.635,171.9225,98,15:15:59,182.65,9:55:59,277.45,280.65,-3.2
23/08/2016,117.05,117,158.0175,157.95,132.15,15:15:59,61.05,15:15:59,234.05,193.2,40.85
24/08/2016,90.9,79.1,122.715,106.785,128,15:00:59,30.7,15:15:59,170,158.7,11.3
25/08/2016,50.8,40.25,68.58,54.3375,0.1,15:18:59,55,13:35:59,91.05,55.1,35.95
26/08/2016,140,101,189,136.35,94.3,15:15:59,144.85,10:11:59,241,239.15,1.85
29/08/2016,117.45,107.15,158.5575,144.6525,109.4,15:15:59,152.7,13:32:59,224.6,262.1,-37.5
30/08/2016,86.55,83.9,116.8425,113.265,122,10:37:59,23.4,15:15:59,170.45,145.4,25.05
31/08/2016,54.4,76,73.44,102.6,76.8,13:40:59,26.3,15:15:59,130.4,103.1,27.3
1/9/2016,46.6,52.8,62.91,71.28,63.8,10:46:59,27.85,15:15:59,99.4,91.65,7.75
2/9/2016,124,174.35,167.4,235.3725,127.7,15:15:59,135.5,15:15:59,298.35,263.2,35.15
6/9/2016,90.1,129.55,121.635,174.8925,124.25,11:21:59,29.8,15:15:59,219.65,154.05,65.6
7/9/2016,87.05,112.75,117.5175,152.2125,122.25,11:29:59,155.5,10:15:59,199.8,277.75,-77.95
8/9/2016,71.95,45.7,97.1325,61.695,102,10:30:59,72,12:22:59,117.65,174,-56.35
9/9/2016,150.1,163,202.635,220.05,126.1,15:15:59,221.95,10:17:59,313.1,348.05,-34.95
12/9/2016,178.55,137.4,241.0425,185.49,148,15:15:59,128.4,15:15:59,315.95,276.4,39.55
14/09/2016,86.15,119,116.3025,160.65,127.85,12:38:59,56.75,15:15:59,205.15,184.6,20.55
15/09/2016,47.55,42.15,64.1925,56.9025,0.1,15:15:59,57.9,9:59:59,89.7,58,31.7
16/09/2016,214.6,125.15,289.71,168.9525,95.7,15:15:59,170.15,13:32:59,339.75,265.85,73.9
19/09/2016,189.35,173.5,255.6225,234.225,182.05,15:15:59,154.7,15:15:59,362.85,336.75,26.1
20/09/2016,190.05,137.65,256.5675,185.8275,185.5,15:15:59,122.4,15:15:59,327.7,307.9,19.8
21/09/2016,141.15,141.5,190.5525,191.025,110,15:15:59,205.25,14:20:59,282.65,315.25,-32.6
22/09/2016,45.4,57.85,61.29,78.0975,0.05,15:16:59,85.1,9:47:59,103.25,85.15,18.1
23/09/2016,207.5,110,280.125,148.5,110.45,15:15:59,149.8,15:03:59,317.5,260.25,57.25
26/09/2016,155.6,99.05,210.06,133.7175,94.65,15:15:59,135,13:25:59,254.65,229.65,25
27/09/2016,158,74.1,213.3,100.035,70.65,15:15:59,103,10:25:59,232.1,173.65,58.45
28/09/2016,142.4,50.6,192.24,68.31,199,12:35:59,19.25,15:15:59,193,218.25,-25.25
29/09/2016,26.35,72.85,35.5725,98.3475,0.1,15:15:59,100.85,10:12:59,99.2,100.95,-1.75
30/09/2016,294.65,198,397.7775,267.3,278.95,15:15:59,165.9,15:15:59,492.65,444.85,47.8
3/10/2016,194.25,149.25,262.2375,201.4875,213.65,15:15:59,105.5,15:15:59,343.5,319.15,24.35
4/10/2016,144.15,156.05,194.6025,210.6675,229,14:30:59,67.85,15:15:59,300.2,296.85,3.35
5/10/2016,79.85,93.6,107.7975,126.36,23.9,15:15:59,128,9:48:59,173.45,151.9,21.55
6/10/2016,50,48.8,67.5,65.88,68,9:46:59,68.4,14:01:59,98.8,136.4,-37.6
7/10/2016,128.65,147.85,173.6775,199.5975,175,10:16:59,126.95,15:15:59,276.5,301.95,-25.45
10/10/2016,131.8,79.6,177.93,107.46,66.65,15:15:59,112.95,13:05:59,211.4,179.6,31.8
13/10/2016,39,71.1,52.65,95.985,0.05,15:16:59,97,9:54:59,110.1,97.05,13.05
14/10/2016,150,176.9,202.5,238.815,172,15:15:59,138.5,15:15:59,326.9,310.5,16.4
17/10/2016,147.9,142.25,199.665,192.0375,78.65,15:15:59,194.1,11:55:59,290.15,272.75,17.4
18/10/2016,123.2,129.95,166.32,175.4325,173,13:08:59,21.6,15:15:59,253.15,194.6,58.55
19/10/2016,65.65,121.75,88.6275,164.3625,40.95,15:15:59,165.75,12:58:59,187.4,206.7,-19.3
20/10/2016,64.45,55.3,87.0075,74.655,88.85,9:54:59,0.15,15:15:59,119.75,89,30.75
21/10/2016,162.45,171.85,219.3075,231.9975,228,14:49:59,106.75,15:15:59,334.3,334.75,-0.45
24/10/2016,139.4,158,188.19,213.3,190,13:26:59,116.6,15:15:59,297.4,306.6,-9.2
25/10/2016,112.25,153.4,151.5375,207.09,152.6,14:29:59,96.4,15:15:59,265.65,249,16.65
26/10/2016,110.25,72,148.8375,97.2,30.95,15:15:59,110,12:54:59,182.25,140.95,41.3
27/10/2016,47.05,76,63.5175,102.6,68.95,15:01:59,109.95,9:55:59,123.05,178.9,-55.85
28/10/2016,143.15,127.55,193.2525,172.1925,202.65,10:00:59,59,15:15:59,270.7,261.65,9.05
1/11/2016,127.45,133.75,172.0575,180.5625,80.25,15:15:59,132,15:15:59,261.2,212.25,48.95
2/11/2016,105,105.3,141.75,142.155,85.5,15:15:59,77.9,15:15:59,210.3,163.4,46.9
3/11/2016,45.4,73.75,61.29,99.5625,0.05,15:15:59,102.25,11:37:59,119.15,102.3,16.85
4/11/2016,213.25,230.15,287.8875,310.7025,176,15:15:59,314.7,11:33:59,443.4,490.7,-47.3
7/11/2016,206.05,235.05,278.1675,317.3175,239.75,15:15:59,200.25,15:15:59,441.1,440,1.1
8/11/2016,200.2,247.25,270.27,333.7875,272,15:07:59,175.55,15:15:59,447.45,447.55,-0.1
9/11/2016,225.75,236.45,304.7625,319.2075,332.35,13:41:59,357.85,10:06:59,462.2,690.2,-228
10/11/2016,57.75,105.8,77.9625,142.83,80.9,10:08:59,0.1,15:15:59,163.55,81,82.55
11/11/2016,254.7,255,343.845,344.25,116.45,15:15:59,356.95,12:24:59,509.7,473.4,36.3
15/11/2016,230,239.95,310.5,323.9325,54.7,15:15:59,335,11:25:59,469.95,389.7,80.25
16/11/2016,177.3,202.35,239.355,273.1725,51.4,15:15:59,239.6,15:15:59,379.65,291,88.65
17/11/2016,84.2,98,113.67,132.3,0.05,15:15:59,149.5,9:52:59,182.2,149.55,32.65
18/11/2016,244,179.25,329.4,241.9875,204.5,15:15:59,224.95,15:15:59,423.25,429.45,-6.2
21/11/2016,208.7,172,281.745,232.2,58.75,15:15:59,240,9:59:59,380.7,298.75,81.95
22/11/2016,195.5,158.5,263.925,213.975,171.6,15:15:59,232,9:51:59,354,403.6,-49.6
23/11/2016,155.35,121.3,209.7225,163.755,123,15:15:59,81.4,15:15:59,276.65,204.4,72.25
24/11/2016,54.4,84.6,73.44,114.21,0.15,15:15:59,117.05,13:10:59,139,117.2,21.8
25/11/2016,209.05,178,282.2175,240.3,287.3,14:58:59,103,15:15:59,387.05,390.3,-3.25
28/11/2016,212.45,157,286.8075,211.95,307.8,10:50:59,123,15:15:59,369.45,430.8,-61.35
29/11/2016,146.35,164,197.5725,221.4,64.65,15:15:59,221.7,14:21:59,310.35,286.35,24
30/11/2016,111.2,111.8,150.12,150.93,153.55,10:07:59,8.85,15:15:59,223,162.4,60.6
1/12/2016,51.55,86.15,69.5925,116.3025,0.05,15:15:59,116.7,11:00:59,137.7,116.75,20.95
2/12/2016,272.9,245,368.415,330.75,370,13:31:59,217,15:15:59,517.9,587,-69.1
5/12/2016,260,234.9,351,317.115,352.6,15:08:59,130.25,15:15:59,494.9,482.85,12.05
6/12/2016,206.2,199.8,278.37,269.73,206.15,15:15:59,169,15:15:59,406,375.15,30.85
7/12/2016,158,179.8,213.3,242.73,9.55,15:15:59,263.05,14:31:59,337.8,272.6,65.2
8/12/2016,61.65,57,83.2275,76.95,83.5,10:10:59,0.05,15:17:59,118.65,83.55,35.1
9/12/2016,213.6,176.15,288.36,237.8025,295,11:35:59,87.4,15:15:59,389.75,382.4,7.35
12/12/2016,137.4,196.5,185.49,265.275,71,15:15:59,276.9,14:24:59,333.9,347.9,-14
13/12/2016,166.9,134.8,225.315,181.98,229.95,13:42:59,83.55,15:15:59,301.7,313.5,-11.8
14/12/2016,125.3,135.45,169.155,182.8575,120.3,15:15:59,185.4,15:03:59,260.75,305.7,-44.95
15/12/2016,66.7,46.05,90.045,62.1675,104.95,10:04:59,62.3,9:48:59,112.75,167.25,-54.5
16/12/2016,167.6,151,226.26,203.85,149,15:15:59,137.95,15:15:59,318.6,286.95,31.65
19/12/2016,148.35,104.5,200.2725,141.075,159.55,15:15:59,80,15:15:59,252.85,239.55,13.3
20/12/2016,79.95,114,107.9325,153.9,20.5,15:15:59,162,10:22:59,193.95,182.5,11.45
21/12/2016,90.8,66.95,122.58,90.3825,124.35,9:50:59,69.8,15:15:59,157.75,194.15,-36.4
22/12/2016,71.2,33.6,96.12,45.36,0.35,15:15:59,46,11:21:59,104.8,46.35,58.45
23/12/2016,128,147,172.8,198.45,173,13:27:59,123,15:15:59,275,296,-21
26/12/2016,139.05,123.55,187.7175,166.7925,146.15,15:15:59,84.95,15:15:59,262.6,231.1,31.5
27/12/2016,121.95,79.6,164.6325,107.46,166.45,11:16:59,16.55,15:15:59,201.55,183,18.55
28/12/2016,56.25,102,75.9375,137.7,80.25,9:49:59,90.05,15:15:59,158.25,170.3,-12.05
29/12/2016,45,60.8,60.75,82.08,69,15:01:59,84.85,13:24:59,105.8,153.85,-48.05
30/12/2016,121.35,175.05,163.8225,236.3175,110.05,15:15:59,179,15:15:59,296.4,289.05,7.35
2/1/2017,142,114.9,191.7,155.115,113,15:15:59,156.85,10:46:59,256.9,269.85,-12.95
3/1/2017,110,122.1,148.5,164.835,158.9,9:54:59,53.25,15:15:59,232.1,212.15,19.95
4/1/2017,91.4,89.3,123.39,120.555,29.4,15:15:59,121,14:04:59,180.7,150.4,30.3
5/1/2017,82.15,24.85,110.9025,33.5475,118.5,13:55:59,35.6,10:19:59,107,154.1,-47.1
6/1/2017,152,126,205.2,170.1,158.6,15:15:59,102.1,15:15:59,278,260.7,17.3
9/1/2017,122.75,110.7,165.7125,149.445,106.85,15:15:59,110.4,15:15:59,233.45,217.25,16.2
10/1/2017,103,94.8,139.05,127.98,140,15:17:59,55.15,15:15:59,197.8,195.15,2.65
11/1/2017,48.35,99.25,65.2725,133.9875,66,10:20:59,11.6,15:15:59,147.6,77.6,70
12/1/2017,26.15,83.4,35.3025,112.59,0.05,15:16:59,130.95,9:52:59,109.55,131,-21.45
13/01/2017,159.15,121.3,214.8525,163.755,189.5,15:15:59,89.05,15:15:59,280.45,278.55,1.9
16/01/2017,127.05,120.1,171.5175,162.135,172,10:25:59,47.2,15:15:59,247.15,219.2,27.95
17/01/2017,95.6,130.5,129.06,176.175,57.4,15:15:59,178,11:06:59,226.1,235.4,-9.3
18/01/2017,115,59.85,155.25,80.7975,64.65,15:15:59,86.5,12:14:59,174.85,151.15,23.7
19/01/2017,47.85,47.75,64.5975,64.4625,72.35,12:19:59,65,10:11:59,95.6,137.35,-41.75
20/01/2017,160.4,112.65,216.54,152.0775,74.8,15:15:59,170.05,13:00:59,273.05,244.85,28.2
23/01/2017,145,81.35,195.75,109.8225,196.95,11:05:59,65.65,15:15:59,226.35,262.6,-36.25
24/01/2017,75.4,76.3,101.79,103.005,76.5,15:15:59,43.5,15:15:59,151.7,120,31.7
25/01/2017,22.9,66.8,30.915,90.18,31,12:55:59,0.1,15:15:59,89.7,31.1,58.6
27/01/2017,255.65,216,345.1275,291.6,349.95,13:57:59,186.15,15:15:59,471.65,536.1,-64.45
30/01/2017,275.6,219.1,372.06,295.785,241.7,15:15:59,241.6,15:15:59,494.7,483.3,11.4
31/01/2017,228,243,307.8,328.05,311.8,13:00:59,197.75,15:15:59,471,509.55,-38.55
1/2/2017,253,195.75,341.55,264.2625,363.1,11:08:59,4.1,15:15:59,448.75,367.2,81.55
2/2/2017,73.6,46,99.36,62.1,105.9,9:49:59,62.8,11:19:59,119.6,168.7,-49.1
3/2/2017,196.65,166.05,265.4775,224.1675,225.55,15:15:59,122.2,15:15:59,362.7,347.75,14.95
6/2/2017,193.95,146.85,261.8325,198.2475,146.1,15:15:59,212.9,13:35:59,340.8,359,-18.2
7/2/2017,149,152.3,201.15,205.605,203.2,12:33:59,125.7,15:15:59,301.3,328.9,-27.6
8/2/2017,158,132,213.3,178.2,74.85,15:15:59,185,14:29:59,290,259.85,30.15
9/2/2017,55.25,52.95,74.5875,71.4825,0.1,15:15:59,76.05,9:57:59,108.2,76.15,32.05
10/2/2017,150.4,159.9,203.04,215.865,112,15:15:59,181.4,15:15:59,310.3,293.4,16.9
13/02/2017,151.75,108.9,204.8625,147.015,149.7,15:15:59,151.6,12:19:59,260.65,301.3,-40.65
14/02/2017,121.15,107,163.5525,144.45,132.05,15:15:59,73,15:15:59,228.15,205.05,23.1
15/02/2017,118,64.75,159.3,87.4125,32.85,15:15:59,89.5,10:19:59,182.75,122.35,60.4
16/02/2017,80.2,53.05,108.27,71.6175,114.05,11:16:59,0.1,15:15:59,133.25,114.15,19.1
17/02/2017,85,240,114.75,324,116.45,9:59:59,325,13:33:59,325,441.45,-116.45
20/02/2017,143.8,117.45,194.13,158.5575,195,15:11:59,61.6,15:15:59,261.25,256.6,4.65
21/02/2017,93.15,126.65,125.7525,170.9775,129.1,14:48:59,42.3,15:15:59,219.8,171.4,48.4
22/02/2017,73.15,107.55,98.7525,145.1925,99.5,11:08:59,96.8,15:15:59,180.7,196.3,-15.6
23/02/2017,62.8,67.3,84.78,90.855,106.4,12:39:59,27.05,15:15:59,130.1,133.45,-3.35
27/02/2017,123.65,149.5,166.9275,201.825,71.6,15:15:59,203,10:45:59,273.15,274.6,-1.45
28/02/2017,125.9,100.85,169.965,136.1475,120.05,15:15:59,83.7,15:15:59,226.75,203.75,23
1/3/2017,101.2,69.95,136.62,94.4325,76.15,15:15:59,59,15:15:59,171.15,135.15,36
2/3/2017,74.75,28.3,100.9125,38.205,110,11:29:59,38.55,13:03:59,103.05,148.55,-45.5
3/3/2017,162.35,138.1,219.1725,186.435,153.8,15:15:59,130,15:15:59,300.45,283.8,16.65
6/3/2017,134.35,113.25,181.3725,152.8875,113.05,15:15:59,160,13:05:59,247.6,273.05,-25.45
7/3/2017,140,79.05,189,106.7175,137.3,15:15:59,66.7,15:15:59,219.05,204,15.05
8/3/2017,92.35,82.2,124.6725,110.97,68.3,15:15:59,113,11:02:59,174.55,181.3,-6.75
9/3/2017,47.4,75,63.99,101.25,64.8,10:29:59,1.3,15:15:59,122.4,66.1,56.3
10/3/2017,222.6,224,300.51,302.4,200,15:15:59,241.7,15:15:59,446.6,441.7,4.9
14/03/2017,123.3,131.3,166.455,177.255,110,15:15:59,105.25,15:15:59,254.6,215.25,39.35
15/03/2017,99.8,78.05,134.73,105.3675,140,9:51:59,52.45,15:15:59,177.85,192.45,-14.6
16/03/2017,31.4,77.6,42.39,104.76,0.1,15:15:59,50.85,15:15:59,109,50.95,58.05
17/03/2017,153,117.6,206.55,158.76,126.2,15:15:59,121,15:15:59,270.6,247.2,23.4
20/03/2017,125,89.65,168.75,121.0275,120.9,15:15:59,73.75,15:15:59,214.65,194.65,20
21/03/2017,108.5,60.45,146.475,81.6075,57,15:15:59,86,10:31:59,168.95,143,25.95
22/03/2017,117.3,39.5,158.355,53.325,60.9,15:15:59,55.05,14:54:59,156.8,115.95,40.85
23/03/2017,18.25,75,24.6375,101.25,38.1,10:56:59,102.35,9:59:59,93.25,140.45,-47.2
24/03/2017,155.65,113.85,210.1275,153.6975,153.4,15:15:59,114.35,15:15:59,269.5,267.75,1.75
27/03/2017,97.1,146.8,131.085,198.18,70.8,15:15:59,201.6,10:00:59,243.9,272.4,-28.5
28/03/2017,90.3,103.65,121.905,139.9275,123.6,12:40:59,83.35,15:15:59,193.95,206.95,-13
29/03/2017,66.8,91.6,90.18,123.66,90.75,11:13:59,33.25,15:15:59,158.4,124,34.4
30/03/2017,39.9,53.5,53.865,72.225,66,15:02:59,0.3,15:15:59,93.4,66.3,27.1
31/03/2017,169.7,128,229.095,172.8,122.25,15:15:59,161.4,15:15:59,297.7,283.65,14.05
3/4/2017,142.5,101.3,192.375,136.755,196.85,14:03:59,51.8,15:15:59,243.8,248.65,-4.85
5/4/2017,101.4,73.3,136.89,98.955,139,11:08:59,20.6,15:15:59,174.7,159.6,15.1
6/4/2017,52.5,69.45,70.875,93.7575,72.8,10:04:59,94.2,12:51:59,121.95,167,-45.05
7/4/2017,98.45,139,132.9075,187.65,48.7,15:15:59,195,14:48:59,237.45,243.7,-6.25
10/4/2017,104,101.3,140.4,136.755,144,12:29:59,49.25,15:15:59,205.3,193.25,12.05
11/4/2017,95,83.5,128.25,112.725,131.1,9:53:59,18.75,15:15:59,178.5,149.85,28.65
12/4/2017,58,97.05,78.3,131.0175,79.25,12:29:59,132,9:46:59,155.05,211.25,-56.2
13/04/2017,52.3,51.75,70.605,69.8625,0.75,15:15:59,16.8,15:15:59,104.05,17.55,86.5
17/04/2017,129.2,105.1,174.42,141.885,137.15,15:15:59,76.95,15:15:59,234.3,214.1,20.2
18/04/2017,73.4,122.65,99.09,165.5775,100,10:08:59,167.2,14:35:59,196.05,267.2,-71.15
19/04/2017,80,112.5,108,151.875,54,15:15:59,86.35,15:15:59,192.5,140.35,52.15
20/04/2017,48.95,46.25,66.0825,62.4375,66.7,10:46:59,10.5,15:15:59,95.2,77.2,18
21/04/2017,177,127.95,238.95,172.7325,156.25,15:15:59,180,12:51:59,304.95,336.25,-31.3
24/04/2017,86.45,163.25,116.7075,220.3875,124.7,10:02:59,72.6,15:15:59,249.7,197.3,52.4
25/04/2017,99.05,109.2,133.7175,147.42,139,13:08:59,54.3,15:15:59,208.25,193.3,14.95
26/04/2017,83.4,110,112.59,148.5,89.55,15:15:59,150,14:35:59,193.4,239.55,-46.15
27/04/2017,46,53.2,62.1,71.82,64.4,10:41:59,0.2,15:15:59,99.2,64.6,34.6
28/04/2017,95.6,170.95,129.06,230.7825,129.5,14:57:59,99.35,15:15:59,266.55,228.85,37.7
2/5/2017,70.95,143,95.7825,193.05,41.9,15:15:59,210.1,10:44:59,213.95,252,-38.05
3/5/2017,100.95,87.05,136.2825,117.5175,76,15:15:59,69.9,15:15:59,188,145.9,42.1
4/5/2017,23.95,83.55,32.3325,112.7925,32.5,11:51:59,0.05,15:15:59,107.5,32.55,74.95
5/5/2017,101.2,211,136.62,284.85,71.15,15:15:59,285,13:12:59,312.2,356.15,-43.95
8/5/2017,102.3,153.2,138.105,206.82,138.3,9:52:59,93.1,15:15:59,255.5,231.4,24.1
9/5/2017,102.95,121.9,138.9825,164.565,140.55,13:14:59,85,15:15:59,224.85,225.55,-0.7
10/5/2017,65.7,112,88.695,151.2,92,9:56:59,56,15:15:59,177.7,148,29.7
11/5/2017,53.2,35.55,71.82,47.9925,73,12:13:59,49,10:09:59,88.75,122,-33.25
12/5/2017,104.6,152.95,141.21,206.4825,59.95,15:15:59,215.45,13:58:59,257.55,275.4,-17.85
15/05/2017,86.4,123.8,116.64,167.13,116.95,12:06:59,92.9,15:15:59,210.2,209.85,0.35
16/05/2017,67,119.5,90.45,161.325,91.95,14:06:59,170,10:06:59,186.5,261.95,-75.45
17/05/2017,78.05,79.1,105.3675,106.785,74.15,15:15:59,49.85,15:15:59,157.15,124,33.15
18/05/2017,41.1,45.15,55.485,60.9525,0.05,15:16:59,65,10:01:59,86.25,65.05,21.2
19/05/2017,116.4,143,157.14,193.05,75.9,15:15:59,201.1,11:31:59,259.4,277,-17.6
22/05/2017,131.9,102.95,178.065,138.9825,63.7,15:15:59,139,12:45:59,234.85,202.7,32.15
23/05/2017,94.15,135.2,127.1025,182.52,133.4,13:07:59,140.1,15:15:59,229.35,273.5,-44.15
24/05/2017,83.95,100,113.3325,135,34.35,15:15:59,135.85,13:09:59,183.95,170.2,13.75
25/05/2017,28.55,61.35,38.5425,82.8225,49,9:46:59,0.2,15:15:59,89.9,49.2,40.7
26/05/2017,114.3,236.8,154.305,319.68,157.6,14:26:59,122.7,15:15:59,351.1,280.3,70.8
29/05/2017,101.05,171,136.4175,230.85,44.3,15:15:59,265.4,10:01:59,272.05,309.7,-37.65
30/05/2017,102.45,152,138.3075,205.2,87.9,15:15:59,205.65,10:36:59,254.45,293.55,-39.1
31/05/2017,99.25,103.25,133.9875,139.3875,136,15:15:59,39.35,15:15:59,202.5,175.35,27.15
1/6/2017,94.9,30.9,128.115,41.715,9.5,15:15:59,42.35,9:52:59,125.8,51.85,73.95
2/6/2017,173.2,112.9,233.82,152.415,179.25,15:15:59,99.05,15:15:59,286.1,278.3,7.8
5/6/2017,108,146.4,145.8,197.64,148.7,13:42:59,94,15:15:59,254.4,242.7,11.7
6/6/2017,130.05,110.95,175.5675,149.7825,136.7,15:15:59,95.4,15:15:59,241,232.1,8.9
7/6/2017,100.6,115.2,135.81,155.52,149.95,15:18:59,41.55,15:15:59,215.8,191.5,24.3
8/6/2017,101.85,24.4,137.4975,32.94,142.35,14:10:59,1.25,15:15:59,126.25,143.6,-17.35
9/6/2017,135.75,128.55,183.2625,173.5425,186,13:17:59,60.05,15:15:59,264.3,246.05,18.25
12/6/2017,101.6,130.85,137.16,176.6475,66.5,15:15:59,179.9,14:29:59,232.45,246.4,-13.95
13/06/2017,85,117.25,114.75,158.2875,57.5,15:15:59,160.65,14:49:59,202.25,218.15,-15.9
14/06/2017,89.85,101.95,121.2975,137.6325,88.55,15:15:59,142,9:54:59,191.8,230.55,-38.75
15/06/2017,49,36.35,66.15,49.0725,0.8,15:15:59,58.95,12:45:59,85.35,59.75,25.6
16/06/2017,98.25,134,132.6375,180.9,101.05,15:15:59,116.7,15:15:59,232.25,217.75,14.5
19/06/2017,126.9,74.5,171.315,100.575,171.9,13:44:59,28.2,15:15:59,201.4,200.1,1.3
20/06/2017,112.6,79.25,152.01,106.9875,95,15:15:59,73.35,15:15:59,191.85,168.35,23.5
21/06/2017,97.55,51.5,131.6925,69.525,137.55,14:18:59,22.45,15:15:59,149.05,160,-10.95
22/06/2017,26.8,52,36.18,70.2,37,10:09:59,71,15:01:59,78.8,108,-29.2
23/06/2017,101.25,147.7,136.6875,199.395,68.35,15:15:59,203.1,11:33:59,248.95,271.45,-22.5
27/06/2017,121.8,119.9,164.43,161.865,49.05,15:15:59,165.65,10:32:59,241.7,214.7,27
28/06/2017,109.4,106.55,147.69,143.8425,89,15:15:59,145.25,13:39:59,215.95,234.25,-18.3
29/06/2017,85.1,52.25,114.885,70.5375,0.05,15:16:59,73.4,10:27:59,137.35,73.45,63.9
30/06/2017,132.95,173.4,179.4825,234.09,191.25,12:16:59,111.05,15:15:59,306.35,302.3,4.05
3/7/2017,124.8,151.95,168.48,205.1325,169.8,10:51:59,84.9,15:15:59,276.75,254.7,22.05
4/7/2017,110.95,109.7,149.7825,148.095,73.95,15:15:59,149.85,10:36:59,220.65,223.8,-3.15
5/7/2017,104.6,75.75,141.21,102.2625,145,10:05:59,19.35,15:15:59,180.35,164.35,16
6/7/2017,67.15,37.25,90.6525,50.2875,92.9,10:55:59,0.1,15:16:59,104.4,93,11.4
7/7/2017,112.3,147.65,151.605,199.3275,97.2,15:15:59,148.85,15:15:59,259.95,246.05,13.9
11/7/2017,91.9,101.95,124.065,137.6325,49.85,15:15:59,137.7,14:56:59,193.85,187.55,6.3
12/7/2017,79.55,68.65,107.3925,92.6775,108.9,15:13:59,96,9:53:59,148.2,204.9,-56.7
13/07/2017,27.9,70.65,37.665,95.3775,39,9:55:59,2.15,15:15:59,98.55,41.15,57.4
14/07/2017,160.55,113,216.7425,152.55,230.55,12:00:59,57.4,15:15:59,273.55,287.95,-14.4
17/07/2017,134.75,98.5,181.9125,132.975,188.7,14:47:59,73.7,15:15:59,233.25,262.4,-29.15
18/07/2017,136.1,83,183.735,112.05,186.5,14:04:59,69.45,15:15:59,219.1,255.95,-36.85
19/07/2017,83.85,79.8,113.1975,107.73,115.5,14:36:59,30.6,15:15:59,163.65,146.1,17.55
20/07/2017,58.85,26.9,79.4475,36.315,81.4,11:14:59,41.15,12:25:59,85.75,122.55,-36.8
21/07/2017,159.15,121.9,214.8525,164.565,151.8,15:15:59,179.35,13:01:59,281.05,331.15,-50.1
24/07/2017,94.7,142,127.845,191.7,100,15:15:59,127,15:15:59,236.7,227,9.7
25/07/2017,120.95,88.45,163.2825,119.4075,110.9,15:15:59,119.5,9:52:59,209.4,230.4,-21
26/07/2017,113,64.85,152.55,87.5475,154.95,14:56:59,17.6,15:15:59,177.85,172.55,5.3
27/07/2017,51.85,53.15,69.9975,71.7525,74.2,9:58:59,15.7,15:15:59,105,89.9,15.1
28/07/2017,200.55,97.95,270.7425,132.2325,187.4,15:15:59,138.4,13:36:59,298.5,325.8,-27.3
31/07/2017,165.1,115.15,222.885,155.4525,225.1,12:28:59,86.05,15:15:59,280.25,311.15,-30.9
1/8/2017,190.65,139.6,257.3775,188.46,178.35,15:15:59,131.45,15:15:59,330.25,309.8,20.45
2/8/2017,167,107.75,225.45,145.4625,107.2,15:15:59,147.6,14:12:59,274.75,254.8,19.95
3/8/2017,43.9,42.45,59.265,57.3075,0.05,15:18:59,59,9:59:59,86.35,59.05,27.3
4/8/2017,166,107.25,224.1,144.7875,232.45,14:14:59,147.8,10:58:59,273.25,380.25,-107
7/8/2017,162.7,85.25,219.645,115.0875,150.3,15:15:59,81.95,15:15:59,247.95,232.25,15.7
8/8/2017,95.75,122.4,129.2625,165.24,30.75,15:15:59,177.25,9:47:59,218.15,208,10.15
9/8/2017,155.65,69.4,210.1275,93.69,87,15:15:59,95.25,15:21:59,225.05,182.25,42.8
10/8/2017,82.45,40.7,111.3075,54.945,119.8,11:10:59,58.8,14:47:59,123.15,178.6,-55.45
11/8/2017,223.05,182,301.1175,245.7,329.55,12:06:59,248.65,14:21:59,405.05,578.2,-173.15
14/08/2017,149.5,142,201.825,191.7,120.6,15:15:59,146.75,15:15:59,291.5,267.35,24.15
16/08/2017,90.8,117.1,122.58,158.085,123.5,12:24:59,6.3,15:15:59,207.9,129.8,78.1
17/08/2017,84.45,48.2,114.0075,65.07,0.05,15:17:59,67,9:58:59,132.65,67.05,65.6
18/08/2017,195,208.6,263.25,281.61,240.75,15:15:59,152.5,15:15:59,403.6,393.25,10.35
21/08/2017,164.25,155.75,221.7375,210.2625,62.3,15:15:59,210.65,10:45:59,320,272.95,47.05
22/08/2017,149.65,159.65,202.0275,215.5275,207.9,10:53:59,87.85,15:15:59,309.3,295.75,13.55
23/08/2017,87.65,125.15,118.3275,168.9525,120,14:28:59,35.2,15:15:59,212.8,155.2,57.6
24/08/2017,48.2,73.3,65.07,98.955,78.1,12:52:59,2.5,15:15:59,121.5,80.6,40.9
28/08/2017,134.45,158,181.5075,213.3,131.2,15:15:59,145,15:15:59,292.45,276.2,16.25
29/08/2017,140.55,137.75,189.7425,185.9625,90.55,15:15:59,186.9,14:00:59,278.3,277.45,0.85
30/08/2017,98.15,89.65,132.5025,121.0275,132.8,11:57:59,75,15:15:59,187.8,207.8,-20
31/08/2017,75.85,42.8,102.3975,57.78,106.45,12:35:59,0.45,15:15:59,118.65,106.9,11.75
1/9/2017,141,160.15,190.35,216.2025,192,10:36:59,117.4,15:15:59,301.15,309.4,-8.25
4/9/2017,110.7,151.95,149.445,205.1325,71.5,15:15:59,207.35,11:52:59,262.65,278.85,-16.2
5/9/2017,99,128,133.65,172.8,75,15:15:59,174.45,12:20:59,227,249.45,-22.45
6/9/2017,79.1,93.2,106.785,125.82,113.6,11:38:59,41.25,15:15:59,172.3,154.85,17.45
7/9/2017,30.35,51.6,40.9725,69.66,0.25,15:15:59,77.4,12:05:59,81.95,77.65,4.3
8/9/2017,117.3,154.65,158.355,208.7775,106,15:15:59,214.9,13:09:59,271.95,320.9,-48.95
11/9/2017,94.3,139,127.305,187.65,127.4,11:20:59,58.8,15:15:59,233.3,186.2,47.1
12/9/2017,83.65,123,112.9275,166.05,119,10:26:59,65.5,15:15:59,206.65,184.5,22.15
13/09/2017,55.35,102.6,74.7225,138.51,83.5,9:54:59,66.45,15:15:59,157.95,149.95,8
14/09/2017,20.5,77,27.675,103.95,0.25,15:15:59,118,11:15:59,97.5,118.25,-20.75
15/09/2017,158.9,133.45,214.515,180.1575,155,15:15:59,116,15:15:59,292.35,271,21.35
18/09/2017,100.3,138.75,135.405,187.3125,89,15:15:59,126.15,15:15:59,239.05,215.15,23.9
19/09/2017,111.6,88.75,150.66,119.8125,123.05,15:15:59,67.55,15:15:59,200.35,190.6,9.75
20/09/2017,114.5,50.95,154.575,68.7825,77.4,15:15:59,71,13:28:59,165.45,148.4,17.05
21/09/2017,63.95,19.85,86.3325,26.7975,0.15,15:15:59,28,9:54:59,83.8,28.15,55.65
22/09/2017,222,129.95,299.7,175.4325,137.35,15:15:59,184.2,12:26:59,351.95,321.55,30.4
25/09/2017,190,135.3,256.5,182.655,192.45,15:15:59,99.1,15:15:59,325.3,291.55,33.75
26/09/2017,137.75,107.5,185.9625,145.125,194.35,13:32:59,57.6,15:15:59,245.25,251.95,-6.7
27/09/2017,118.85,67.1,160.4475,90.585,5.85,15:15:59,113,10:09:59,185.95,118.85,67.1
28/09/2017,52.45,81,70.8075,109.35,89.2,9:49:59,111.15,12:57:59,133.45,200.35,-66.9
29/09/2017,163.1,154,220.185,207.9,77.85,15:15:59,208,14:31:59,317.1,285.85,31.25
3/10/2017,138.3,176.15,186.705,237.8025,131.4,15:15:59,153.65,15:15:59,314.45,285.05,29.4
4/10/2017,120.55,129.2,162.7425,174.42,63.8,15:15:59,82,15:15:59,249.75,145.8,103.95
5/10/2017,26.95,78.9,36.3825,106.515,37.4,10:00:59,109.4,10:33:59,105.85,146.8,-40.95
6/10/2017,115.35,150.5,155.7225,203.175,160,11:01:59,125.85,15:15:59,265.85,285.85,-20
9/10/2017,103.2,127.25,139.32,171.7875,93,15:15:59,121,15:15:59,230.45,214,16.45
10/10/2017,100.4,94.3,135.54,127.305,111.75,15:15:59,65.6,15:15:59,194.7,177.35,17.35
11/10/2017,81,61,109.35,82.35,2.75,15:15:59,89.35,13:28:59,142,92.1,49.9
12/10/2017,38.25,60.7,51.6375,81.945,54.6,9:47:59,0.05,15:16:59,98.95,54.65,44.3
13/10/2017,130.8,137.85,176.58,186.0975,176.65,10:37:59,65.9,15:15:59,268.65,242.55,26.1
16/10/2017,120.35,132.85,162.4725,179.3475,80,15:15:59,184,10:47:59,253.2,264,-10.8
17/10/2017,117.25,98.45,158.2875,132.9075,159,10:45:59,143.5,12:16:59,215.7,302.5,-86.8
18/10/2017,74.4,42.6,100.44,57.51,0.15,15:16:59,73.65,10:12:59,117,73.8,43.2
23/10/2017,159.45,199.1,215.2575,268.785,167.7,15:15:59,297.55,9:53:59,358.55,465.25,-106.7
24/10/2017,151.85,136.55,204.9975,184.3425,155.7,15:15:59,111.7,15:15:59,288.4,267.4,21
25/10/2017,113.05,141.6,152.6175,191.16,154.05,11:37:59,26.35,15:15:59,254.65,180.4,74.25
26/10/2017,88.75,120.35,119.8125,162.4725,122.55,12:57:59,168.45,10:39:59,209.1,291,-81.9
27/10/2017,217.8,193.55,294.03,261.2925,186.9,15:15:59,172.1,15:15:59,411.35,359,52.35
30/10/2017,169.95,151.95,229.4325,205.1325,161.6,15:15:59,144.75,15:15:59,321.9,306.35,15.55
31/10/2017,149.35,131.4,201.6225,177.39,131.3,15:15:59,186,10:53:59,280.75,317.3,-36.55
1/11/2017,83,135.7,112.05,183.195,126,10:09:59,45.4,15:15:59,218.7,171.4,47.3
2/11/2017,54.6,58.7,73.71,79.245,77.75,11:00:59,79.5,12:07:59,113.3,157.25,-43.95
3/11/2017,179.9,163.3,242.865,220.455,251.85,13:24:59,81.5,15:15:59,343.2,333.35,9.85
6/11/2017,158,165.45,213.3,223.3575,158.95,15:15:59,145.4,15:15:59,323.45,304.35,19.1
7/11/2017,148.45,144,200.4075,194.4,46.8,15:15:59,208.15,10:01:59,292.45,254.95,37.5
8/11/2017,131,100.3,176.85,135.405,177.8,11:28:59,136.25,10:00:59,231.3,314.05,-82.75
9/11/2017,37.55,79.15,50.6925,106.8525,0.1,15:15:59,110.4,10:31:59,116.7,110.5,6.2
10/11/2017,211.95,152.2,286.1325,205.47,329.9,13:47:59,89.6,15:15:59,364.15,419.5,-55.35
13/11/2017,153.25,150.65,206.8875,203.3775,117.45,15:15:59,204.7,15:06:59,303.9,322.15,-18.25
14/11/2017,135.45,132,182.8575,178.2,92.45,15:15:59,195,12:28:59,267.45,287.45,-20
15/11/2017,89.35,114.75,120.6225,154.9125,50.7,15:15:59,111.05,15:15:59,204.1,161.75,42.35
16/11/2017,50.25,49.6,67.8375,66.96,68,10:11:59,0,,99.85,68,31.85
17/11/2017,173.85,174.25,234.6975,235.2375,108.05,15:15:59,239.7,15:27:59,348.1,347.75,0.35
20/11/2017,181.2,109.1,244.62,147.285,183.9,15:15:59,84.8,15:15:59,290.3,268.7,21.6
21/11/2017,140.4,91.95,189.54,124.1325,99,15:15:59,128.85,15:28:59,232.35,227.85,4.5
22/11/2017,86.85,87.45,117.2475,118.0575,57.3,15:15:59,122,10:10:59,174.3,179.3,-5
23/11/2017,72,28.35,97.2,38.2725,8.85,15:15:59,42.5,12:42:59,100.35,51.35,49
24/11/2017,176.95,135.6,238.8825,183.06,173,15:15:59,127.35,15:15:59,312.55,300.35,12.2
27/11/2017,154.35,103.05,208.3725,139.1175,212.75,14:40:59,44.9,15:15:59,257.4,257.65,-0.25
28/11/2017,123,95.2,166.05,128.52,86.75,15:15:59,135,14:07:59,218.2,221.75,-3.55
29/11/2017,109.65,79.35,148.0275,107.1225,89.2,15:15:59,57.5,15:15:59,189,146.7,42.3
30/11/2017,67,38.5,90.45,51.975,0.15,15:15:59,52.6,9:57:59,105.5,52.75,52.75
1/12/2017,177.9,162.45,240.165,219.3075,92.55,15:15:59,223.95,11:37:59,340.35,316.5,23.85
4/12/2017,159.05,183.5,214.7175,247.725,109.35,15:15:59,248.25,13:57:59,342.55,357.6,-15.05
5/12/2017,139,161,187.65,217.35,188.95,13:58:59,74.95,15:15:59,300,263.9,36.1
6/12/2017,92.2,134.1,124.47,181.035,12.55,15:15:59,185,13:13:59,226.3,197.55,28.75
7/12/2017,76.35,34.3,103.0725,46.305,105,10:36:59,0.05,15:15:59,110.65,105.05,5.6
8/12/2017,190,117.15,256.5,158.1525,207.25,15:15:59,89.15,15:15:59,307.15,296.4,10.75
11/12/2017,132.25,110.35,178.5375,148.9725,110.7,15:15:59,150.1,10:49:59,242.6,260.8,-18.2
12/12/2017,108.85,103.4,146.9475,139.59,79.35,15:15:59,140,14:37:59,212.25,219.35,-7.1
13/12/2017,73.85,113.25,99.6975,152.8875,101.25,11:00:59,165,14:13:59,187.1,266.25,-79.15
14/12/2017,47.8,103.95,64.53,140.3325,65.8,10:00:59,0.05,15:15:59,151.75,65.85,85.9
15/12/2017,188,242.95,253.8,327.9825,176.75,15:15:59,287.3,15:15:59,430.95,464.05,-33.1
18/12/2017,183.7,264.65,247.995,357.2775,260.5,9:58:59,119.6,15:15:59,448.35,380.1,68.25
19/12/2017,109.05,165.85,147.2175,223.8975,112.15,15:15:59,119.4,15:15:59,274.9,231.55,43.35
20/12/2017,117.75,81.25,158.9625,109.6875,185,11:10:59,67.75,15:15:59,199,252.75,-53.75
21/12/2017,39.55,66.75,53.3925,90.1125,0.3,15:15:59,92.75,9:57:59,106.3,93.05,13.25
22/12/2017,152.25,136,205.5375,183.6,209.95,10:51:59,96.5,15:15:59,288.25,306.45,-18.2
26/12/2017,115,108.6,155.25,146.61,160.1,15:24:59,70.15,15:15:59,223.6,230.25,-6.65
27/12/2017,107.65,60.4,145.3275,81.54,153,9:52:59,99,14:22:59,168.05,252,-83.95
28/12/2017,59.25,55.3,79.9875,74.655,6.5,15:15:59,77.05,10:00:59,114.55,83.55,31
29/12/2017,136.95,137,184.8825,184.95,134.3,15:15:59,127.6,15:15:59,273.95,261.9,12.05
1/1/2018,94.05,152,126.9675,205.2,46.4,15:15:59,210.85,14:58:59,246.05,257.25,-11.2
2/1/2018,130,106,175.5,143.1,110,15:15:59,147,14:35:59,236,257,-21
3/1/2018,75.1,85.4,101.385,115.29,30.8,15:15:59,121.95,14:45:59,160.5,152.75,7.75
4/1/2018,21.8,78.7,29.43,106.245,30,10:58:59,0.1,15:15:59,100.5,30.1,70.4
5/1/2018,149.3,117.45,201.555,158.5575,203.1,15:28:59,90.7,15:15:59,266.75,293.8,-27.05
8/1/2018,133.35,99.7,180.0225,134.595,104.2,15:15:59,105.2,15:15:59,233.05,209.4,23.65
9/1/2018,66.35,124.05,89.5725,167.4675,91.55,14:11:59,91.1,15:15:59,190.4,182.65,7.75
10/1/2018,99.6,58.65,134.46,79.1775,58.4,15:15:59,79.85,11:00:59,158.25,138.25,20
11/1/2018,60.9,21.45,82.215,28.9575,102.65,10:43:59,0.05,15:15:59,82.35,102.7,-20.35
12/1/2018,80.6,158.05,108.81,213.3675,81.6,15:15:59,214.25,12:33:59,238.65,295.85,-57.2
15/01/2018,89.7,112.45,121.095,151.8075,122.75,10:18:59,62.95,15:15:59,202.15,185.7,16.45
16/01/2018,67.7,139.85,91.395,188.7975,36.7,15:15:59,197.85,13:30:59,207.55,234.55,-27
17/01/2018,48.7,133.9,65.745,180.765,72,14:10:59,15.3,15:15:59,182.6,87.3,95.3
18/01/2018,49.4,84.35,66.69,113.8725,0.1,15:15:59,121.8,11:32:59,133.75,121.9,11.85
19/01/2018,143.3,180.1,193.455,243.135,197.55,9:52:59,53.95,15:15:59,323.4,251.5,71.9
22/01/2018,155.1,192,209.385,259.2,218,10:00:59,135.55,15:15:59,347.1,353.55,-6.45
23/01/2018,158.5,172.85,213.975,233.3475,227.2,12:35:59,59.65,15:15:59,331.35,286.85,44.5
24/01/2018,143.9,155.15,194.265,209.4525,197,10:55:59,85.15,15:15:59,299.05,282.15,16.9
25/01/2018,62,95.65,83.7,129.1275,84.7,13:57:59,135.5,11:17:59,157.65,220.2,-62.55
29/01/2018,334.45,391.4,451.5075,528.39,266.15,15:15:59,375.35,15:15:59,725.85,641.5,84.35
30/01/2018,307,298.65,414.45,403.1775,265.8,15:15:59,238.3,15:15:59,605.65,504.1,101.55
31/01/2018,248.05,196,334.8675,264.6,362.75,14:45:59,270.25,11:10:59,444.05,633,-188.95
1/2/2018,237,187.3,319.95,252.855,325,11:02:59,297.6,12:41:59,424.3,622.6,-198.3
2/2/2018,239.7,218.35,323.595,294.7725,107.9,15:15:59,310,10:25:59,458.05,417.9,40.15
5/2/2018,268.45,233.35,362.4075,315.0225,261.45,15:15:59,209.25,15:15:59,501.8,470.7,31.1
6/2/2018,299.65,280.6,404.5275,378.81,407.9,12:42:59,389.7,10:12:59,580.25,797.6,-217.35
7/2/2018,220.05,220.95,297.0675,298.2825,63.3,15:15:59,305.5,10:58:59,441,368.8,72.2
8/2/2018,105,104.5,141.75,141.075,142,10:34:59,0.2,15:15:59,209.5,142.2,67.3
9/2/2018,331,350.05,446.85,472.5675,313.4,15:15:59,328.55,15:15:59,681.05,641.95,39.1
12/2/2018,241.55,248.7,326.0925,335.745,248.4,15:15:59,175.25,15:15:59,490.25,423.65,66.6
14/02/2018,151,162.3,203.85,219.105,38.75,15:15:59,222,14:49:59,313.3,260.75,52.55
15/02/2018,99.25,71.75,133.9875,96.8625,135,9:49:59,1.45,15:15:59,171,136.45,34.55
16/02/2018,221.3,235,298.755,317.25,95.1,15:15:59,320,11:25:59,456.3,415.1,41.2
19/02/2018,232.5,225.5,313.875,304.425,143.55,15:15:59,313,10:03:59,458,456.55,1.45
20/02/2018,164.7,172.35,222.345,232.6725,52.7,15:15:59,234.35,14:51:59,337.05,287.05,50
21/02/2018,133.2,156.3,179.82,211.005,114.15,15:15:59,97.5,15:15:59,289.5,211.65,77.85
22/02/2018,99.15,65.45,133.8525,88.3575,137.7,15:02:59,0.1,15:15:59,164.6,137.8,26.8
23/02/2018,174.95,188,236.1825,253.8,242.95,10:30:59,88.4,15:15:59,362.95,331.35,31.6
26/02/2018,129.2,160.05,174.42,216.0675,177,10:33:59,67.25,15:15:59,289.25,244.25,45
27/02/2018,150,120.3,202.5,162.405,65.9,15:15:59,167.25,10:20:59,270.3,233.15,37.15
28/02/2018,94.35,134.35,127.3725,181.3725,132.45,14:42:59,189.85,13:33:59,228.7,322.3,-93.6
1/3/2018,49.35,76.1,66.6225,102.735,0.05,15:15:59,108.8,9:49:59,125.45,108.85,16.6
5/3/2018,187.1,229.95,252.585,310.4325,215.05,15:15:59,176,15:15:59,417.05,391.05,26
6/3/2018,169.2,145.8,228.42,196.83,21.7,15:15:59,211.8,10:28:59,315,233.5,81.5
7/3/2018,158.5,144.3,213.975,194.805,46.45,15:15:59,198.5,11:14:59,302.8,244.95,57.85
8/3/2018,67.1,66.15,90.585,89.3025,94,11:43:59,95,9:49:59,133.25,189,-55.75
9/3/2018,258.75,224.25,349.3125,302.7375,165.6,15:15:59,306,15:04:59,483,471.6,11.4
12/3/2018,223.25,216.2,301.3875,291.87,303,13:59:59,86.2,15:15:59,439.45,389.2,50.25
13/03/2018,188.75,162.85,254.8125,219.8475,258,9:56:59,240.05,13:56:59,351.6,498.05,-146.45
14/03/2018,190.7,136.15,257.445,183.8025,282.6,13:02:59,19.2,15:15:59,326.85,301.8,25.05
15/03/2018,115.75,72.85,156.2625,98.3475,176.7,13:15:59,4,15:15:59,188.6,180.7,7.9
16/03/2018,257.7,196.35,347.895,265.0725,164,15:15:59,277.45,14:33:59,454.05,441.45,12.6
19/03/2018,234.15,207,316.1025,279.45,104,15:15:59,280,11:32:59,441.15,384,57.15
20/03/2018,234,161.35,315.9,217.8225,141.1,15:15:59,166.85,15:15:59,395.35,307.95,87.4
21/03/2018,121.9,140.5,164.565,189.675,167,11:09:59,191,14:36:59,262.4,358,-95.6
22/03/2018,67.75,83.4,91.4625,112.59,0.05,15:15:59,115,12:03:59,151.15,115.05,36.1
23/03/2018,224.75,196.35,303.4125,265.0725,196.25,15:15:59,193,15:15:59,421.1,389.25,31.85
26/03/2018,143.9,182.8,194.265,246.78,195,11:57:59,30.5,15:15:59,326.7,225.5,101.2
27/03/2018,135.2,137.6,182.52,185.76,56.4,15:15:59,186.8,10:12:59,272.8,243.2,29.6
28/03/2018,73,81.05,98.55,109.4175,103.95,11:30:59,43.8,15:15:59,154.05,147.75,6.3
2/4/2018,216.55,219.55,292.3425,296.3925,297.65,13:40:59,118.8,15:15:59,436.1,416.45,19.65
3/4/2018,185.3,159.15,250.155,214.8525,222.65,15:15:59,85.3,15:15:59,344.45,307.95,36.5
4/4/2018,144,105.75,194.4,142.7625,197.95,10:35:59,144,13:14:59,249.75,341.95,-92.2
5/4/2018,83.4,63.55,112.59,85.7925,114.4,10:14:59,0.05,15:15:59,146.95,114.45,32.5
6/4/2018,207.6,203.95,280.26,275.3325,282,13:30:59,130,15:15:59,411.55,412,-0.45
9/4/2018,230,146.2,310.5,197.37,313.5,14:15:59,102,15:15:59,376.2,415.5,-39.3
10/4/2018,138.35,169.6,186.7725,228.96,125.9,15:15:59,156.55,15:15:59,307.95,282.45,25.5
11/4/2018,119.05,115,160.7175,155.25,170,13:24:59,169.95,9:48:59,234.05,339.95,-105.9
12/4/2018,64,65.95,86.4,89.0325,88.4,10:51:59,0.1,15:15:59,129.95,88.5,41.45
13/04/2018,177,216.95,238.95,292.8825,130.75,15:15:59,305.3,13:21:59,393.95,436.05,-42.1
16/04/2018,183.3,182,247.455,245.7,215.85,15:15:59,109.5,15:15:59,365.3,325.35,39.95
17/04/2018,114.5,180,154.575,243,91.1,15:15:59,243.3,12:41:59,294.5,334.4,-39.9
18/04/2018,104.65,120.45,141.2775,162.6075,28.15,15:15:59,168,14:41:59,225.1,196.15,28.95
19/04/2018,85.45,38.65,115.3575,52.1775,15.45,15:15:59,52.9,9:58:59,124.1,68.35,55.75
20/04/2018,173.9,195.15,234.765,263.4525,162.95,15:15:59,187.6,15:15:59,369.05,350.55,18.5
23/04/2018,180,142.35,243,192.1725,244.2,10:33:59,90.3,15:15:59,322.35,334.5,-12.15
24/04/2018,107.2,164.25,144.72,221.7375,80.9,15:15:59,223.95,12:37:59,271.45,304.85,-33.4
25/04/2018,72.45,145.6,97.8075,196.56,19.5,15:15:59,198.9,10:00:59,218.05,218.4,-0.35
26/04/2018,53.15,55.95,71.7525,75.5325,78.5,11:16:59,0.1,15:15:59,109.1,78.6,30.5
27/04/2018,153.5,152.1,207.225,205.335,210,9:55:59,64.05,15:15:59,305.6,274.05,31.55
30/04/2018,144.7,96.7,195.345,130.545,151.55,15:15:59,63.15,15:15:59,241.4,214.7,26.7
1/6/2018,193.65,348,261.4275,469.8,148.35,15:15:59,357.65,15:15:59,541.65,506,35.65
4/6/2018,171.5,303.05,231.525,409.1175,80,15:15:59,413.45,13:11:59,474.55,493.45,-18.9
5/6/2018,175.75,241.9,237.2625,326.565,134.95,15:15:59,331.55,10:58:59,417.65,466.5,-48.85
6/6/2018,161.1,161.5,217.485,218.025,226,11:34:59,39.8,15:15:59,322.6,265.8,56.8
7/6/2018,51.2,80.55,69.12,108.7425,71.1,10:06:59,36.8,15:15:59,131.75,107.9,23.85
8/6/2018,226.8,184.35,306.18,248.8725,273.4,15:15:59,144.1,15:15:59,411.15,417.5,-6.35
11/6/2018,152.7,203,206.145,274.05,101.25,15:15:59,250.95,15:15:59,355.7,352.2,3.5
12/6/2018,157.7,180.7,212.895,243.945,217,10:32:59,120.25,15:15:59,338.4,337.25,1.15
13/06/2018,121.5,157.85,164.025,213.0975,85.2,15:15:59,142.6,15:15:59,279.35,227.8,51.55
14/06/2018,58.25,100.6,78.6375,135.81,1.2,15:15:59,140,12:07:59,158.85,141.2,17.65
15/06/2018,188.2,179,254.07,241.65,127.7,15:15:59,256.5,13:08:59,367.2,384.2,-17
18/06/2018,122.9,196.7,165.915,265.545,168,10:49:59,157,15:15:59,319.6,325,-5.4
19/06/2018,88.7,197.6,119.745,266.76,70.5,15:15:59,207,15:15:59,286.3,277.5,8.8
20/06/2018,126.5,90.15,170.775,121.7025,173.15,10:55:59,12.7,15:15:59,216.65,185.85,30.8
21/06/2018,57,59.55,76.95,80.3925,0.05,15:15:59,84.8,10:32:59,116.55,84.85,31.7
22/06/2018,174.7,174,235.845,234.9,241,13:13:59,46.7,15:15:59,348.7,287.7,61
25/06/2018,183.2,131.05,247.32,176.9175,107.3,15:15:59,177.95,11:10:59,314.25,285.25,29
26/06/2018,116,166.2,156.6,224.37,161.9,11:05:59,113.25,15:15:59,282.2,275.15,7.05
27/06/2018,99.55,131,134.3925,176.85,29.85,15:15:59,180,11:32:59,230.55,209.85,20.7
28/06/2018,76.05,81.8,102.6675,110.43,105.9,10:08:59,112.45,12:04:59,157.85,218.35,-60.5
29/06/2018,194.7,175.45,262.845,236.8575,170,15:15:59,178.5,15:15:59,370.15,348.5,21.65
2/7/2018,151.85,178,204.9975,240.3,131,15:15:59,246,12:17:59,329.85,377,-47.15
3/7/2018,192.3,106.75,259.605,144.1125,156.55,15:15:59,103.7,15:15:59,299.05,260.25,38.8
4/7/2018,138.05,85.7,186.3675,115.695,186.5,11:37:59,7.75,15:15:59,223.75,194.25,29.5
5/7/2018,79.15,53.15,106.8525,71.7525,112.65,14:34:59,73.7,10:39:59,132.3,186.35,-54.05
6/7/2018,178.95,160,241.5825,216,161.35,15:15:59,148,15:15:59,338.95,309.35,29.6
9/7/2018,166.45,108.55,224.7075,146.5425,187.95,15:15:59,77.2,15:15:59,275,265.15,9.85
10/7/2018,91.8,132.6,123.93,179.01,92.75,15:15:59,109.85,15:15:59,224.4,202.6,21.8
11/7/2018,84,115.05,113.4,155.3175,35.4,15:15:59,156.85,11:14:59,199.05,192.25,6.8
12/7/2018,42.65,84.9,57.5775,114.615,59.95,10:00:59,58,15:15:59,127.55,117.95,9.6
13/07/2018,188,156,253.8,210.6,149.45,15:15:59,168,15:15:59,344,317.45,26.55
16/07/2018,156,118.6,210.6,160.11,107.6,15:15:59,161.7,15:03:59,274.6,269.3,5.3
17/07/2018,129.05,97.8,174.2175,132.03,177.95,14:01:59,30.35,15:15:59,226.85,208.3,18.55
18/07/2018,112.3,86.7,151.605,117.045,157.05,10:02:59,156.85,12:20:59,199,313.9,-114.9
19/07/2018,93.6,44,126.36,59.4,129,10:13:59,63.35,15:01:59,137.6,192.35,-54.75
20/07/2018,239,151.2,322.65,204.12,259.65,15:15:59,127.2,15:15:59,390.2,386.85,3.35
23/07/2018,184.3,147.95,248.805,199.7325,250,14:27:59,73.9,15:15:59,332.25,323.9,8.35
24/07/2018,151.35,106.55,204.3225,143.8425,88.85,15:15:59,162,12:17:59,257.9,250.85,7.05
25/07/2018,137.9,86.15,186.165,116.3025,127.25,15:15:59,59,15:15:59,224.05,186.25,37.8
26/07/2018,86.25,55.3,116.4375,74.655,124.2,10:04:59,0.15,15:15:59,141.55,124.35,17.2
27/07/2018,185,191,249.75,257.85,227.8,15:15:59,136.05,15:15:59,376,363.85,12.15
30/07/2018,135.35,198.45,182.7225,267.9075,184.75,13:24:59,87.95,15:15:59,333.8,272.7,61.1
31/07/2018,119.45,153,161.2575,206.55,113.55,15:15:59,133,15:15:59,272.45,246.55,25.9
1/8/2018,107.6,129.8,145.26,175.23,44.7,15:15:59,178.85,11:01:59,237.4,223.55,13.85
2/8/2018,69.65,57.9,94.0275,78.165,0.3,15:15:59,32.3,15:15:59,127.55,32.6,94.95
3/8/2018,207.7,129.5,280.395,174.825,288.7,14:30:59,63.15,15:15:59,337.2,351.85,-14.65
6/8/2018,157,109.7,211.95,148.095,146.3,15:15:59,119.05,15:15:59,266.7,265.35,1.35
7/8/2018,116.9,134.9,157.815,182.115,120.65,15:15:59,111,15:15:59,251.8,231.65,20.15
8/8/2018,100.7,104.1,135.945,140.535,142.55,10:36:59,25.3,15:15:59,204.8,167.85,36.95
9/8/2018,45.3,58.15,61.155,78.5025,62,10:17:59,0.15,15:15:59,103.45,62.15,41.3
10/8/2018,138.8,178.35,187.38,240.7725,88.4,15:15:59,241.6,15:19:59,317.15,330,-12.85
13/08/2018,169.5,123.85,228.825,167.1975,164.8,15:15:59,115.2,15:15:59,293.35,280,13.35
14/08/2018,122.1,83.35,164.835,112.5225,123.8,15:15:59,117,10:50:59,205.45,240.8,-35.35
16/08/2018,48,63.15,64.8,85.2525,66.35,10:01:59,86.4,14:45:59,111.15,152.75,-41.6
17/08/2018,187.4,137.55,252.99,185.6925,254.85,14:31:59,92.2,15:15:59,324.95,347.05,-22.1
20/08/2018,156,103.5,210.6,139.725,138,15:15:59,114.3,15:15:59,259.5,252.3,7.2
21/08/2018,144,86.1,194.4,116.235,127.5,15:15:59,67.65,15:15:59,230.1,195.15,34.95
23/08/2018,45,51.05,60.75,68.9175,0.05,15:15:59,71.7,9:57:59,96.05,71.75,24.3
24/08/2018,200.6,143,270.81,193.05,92.85,15:15:59,193.45,10:21:59,343.6,286.3,57.3
27/08/2018,140,118,189,159.3,149.95,15:15:59,100.75,15:15:59,258,250.7,7.3
28/08/2018,128.95,116.35,174.0825,157.0725,182.5,15:03:59,69.95,15:15:59,245.3,252.45,-7.15
29/08/2018,112.1,106.7,151.335,144.045,154.55,14:52:59,151.55,15:09:59,218.8,306.1,-87.3
30/08/2018,49.05,78.2,66.2175,105.57,5.5,15:15:59,113.6,13:12:59,127.25,119.1,8.15
31/08/2018,229.55,123.65,309.8925,166.9275,190.15,15:15:59,168.15,10:35:59,353.2,358.3,-5.1
3/9/2018,213.05,104.4,287.6175,140.94,116.3,15:15:59,149.45,15:00:59,317.45,265.75,51.7
4/9/2018,195,74.95,263.25,101.1825,78.7,15:15:59,101.85,13:34:59,269.95,180.55,89.4
5/9/2018,97.7,111.35,131.895,150.3225,57.4,15:15:59,158,9:50:59,209.05,215.4,-6.35
6/9/2018,71.05,48.7,95.9175,65.745,97.55,14:37:59,81.1,12:40:59,119.75,178.65,-58.9
7/9/2018,190,165.1,256.5,222.885,265.45,10:37:59,68.65,15:15:59,355.1,334.1,21
10/9/2018,118.65,160.7,160.1775,216.945,77.4,15:15:59,222.1,12:04:59,279.35,299.5,-20.15
11/9/2018,124.25,94.15,167.7375,127.1025,6.9,15:15:59,155.4,13:46:59,218.4,162.3,56.1
12/9/2018,97.15,65.4,131.1525,88.29,145.5,13:57:59,90.2,10:03:59,162.55,235.7,-73.15
14/09/2018,216,132.65,291.6,179.0775,259.95,15:15:59,90.7,15:15:59,348.65,350.65,-2
17/09/2018,172,123.5,232.2,166.725,163.05,15:15:59,168,10:37:59,295.5,331.05,-35.55
18/09/2018,146.2,112.65,197.37,152.0775,10.75,15:15:59,189.8,10:29:59,258.85,200.55,58.3
19/09/2018,68.35,92.4,92.2725,124.74,94.75,9:55:59,133.55,13:00:59,160.75,228.3,-67.55
21/09/2018,219.75,167.1,296.6625,225.585,35.55,15:15:59,240,10:26:59,386.85,275.55,111.3
24/09/2018,302.85,268.05,408.8475,361.8675,80.75,15:15:59,365.85,10:12:59,570.9,446.6,124.3
25/09/2018,279,228.25,376.65,308.1375,458.05,9:57:59,55.8,15:15:59,507.25,513.85,-6.6
26/09/2018,175.8,230,237.33,310.5,247,10:04:59,137,15:15:59,405.8,384,21.8
27/09/2018,86.35,112.6,116.5725,152.01,0.1,15:15:59,152.75,10:26:59,198.95,152.85,46.1
28/09/2018,318.1,277.35,429.435,374.4225,436.95,11:18:59,187.4,15:15:59,595.45,624.35,-28.9
1/10/2018,280,287.85,378,388.5975,387.35,14:17:59,48.05,15:15:59,567.85,435.4,132.45
3/10/2018,151.1,176.05,203.985,237.6675,205,10:14:59,197.65,15:15:59,327.15,402.65,-75.5
4/10/2018,73.4,113.85,99.09,153.6975,107.55,10:40:59,157.65,11:35:59,187.25,265.2,-77.95
5/10/2018,342.05,352.95,461.7675,476.4825,152,15:15:59,477.35,15:07:59,695,629.35,65.65
8/10/2018,288.35,288,389.2725,388.8,392,15:09:59,400,14:25:59,576.35,792,-215.65
9/10/2018,233.1,248,314.685,334.8,154.25,15:15:59,274.4,15:15:59,481.1,428.65,52.45
10/10/2018,142,197.65,191.7,266.8275,220.85,10:00:59,16.85,15:15:59,339.65,237.7,101.95
11/10/2018,141.25,99.2,190.6875,133.92,201.5,11:50:59,0.15,15:15:59,240.45,201.65,38.8
12/10/2018,260.8,295,352.08,398.25,358.85,10:06:59,240.25,15:15:59,555.8,599.1,-43.3
15/10/2018,239.8,264.5,323.73,357.075,329.85,13:22:59,153.85,15:15:59,504.3,483.7,20.6
16/10/2018,162.4,185,219.24,249.75,144.25,15:15:59,128.8,15:15:59,347.4,273.05,74.35
17/10/2018,64.2,97.8,86.67,132.03,0.1,15:15:59,163,10:00:59,162,163.1,-1.1
19/10/2018,336.8,282.55,454.68,381.4425,309.35,15:15:59,256,15:15:59,619.35,565.35,54
22/10/2018,248.2,262.45,335.07,354.3075,349.2,12:09:59,357.75,15:12:59,510.65,706.95,-196.3
23/10/2018,188,259.5,253.8,350.325,187.95,15:15:59,213.2,15:15:59,447.5,401.15,46.35
24/10/2018,166.3,158.65,224.505,214.1775,109.15,15:15:59,215,11:00:59,324.95,324.15,0.8
25/10/2018,150.75,103,203.5125,139.05,0.6,15:15:59,146.6,10:21:59,253.75,147.2,106.55
26/10/2018,327.05,260.5,441.5175,351.675,216.9,15:15:59,354,15:02:59,587.55,570.9,16.65
29/10/2018,244.75,260.95,330.4125,352.2825,334.9,12:10:59,76.5,15:15:59,505.7,411.4,94.3
30/10/2018,226.8,199.7,306.18,269.595,124.05,15:15:59,274.05,11:32:59,426.5,398.1,28.4
31/10/2018,211,182.2,284.85,245.97,287.45,13:37:59,253.3,9:54:59,393.2,540.75,-147.55
1/11/2018,79.05,115.5,106.7175,155.925,114.8,10:30:59,0.2,15:15:59,194.55,115,79.55
2/11/2018,206,199.35,278.1,269.1225,282.85,11:46:59,139.85,15:15:59,405.35,422.7,-17.35
5/11/2018,119.55,171.95,161.3925,232.1325,176.5,15:17:59,103.6,15:15:59,291.5,280.1,11.4
6/11/2018,90.9,49.1,122.715,66.285,0.05,15:15:59,68.6,10:52:59,140,68.65,71.35
9/11/2018,229.45,209.15,309.7575,282.3525,255.75,15:15:59,168.9,15:15:59,438.6,424.65,13.95
12/11/2018,169.35,196.2,228.6225,264.87,55.75,15:15:59,277.4,10:11:59,365.55,333.15,32.4
13/11/2018,169.65,180.35,229.0275,243.4725,244.55,13:42:59,47,15:15:59,350,291.55,58.45
14/11/2018,128.3,124.7,173.205,168.345,182,11:46:59,183.8,10:00:59,253,365.8,-112.8
15/11/2018,68,77.25,91.8,104.2875,94.7,10:20:59,0.05,15:15:59,145.25,94.75,50.5
16/11/2018,196.4,235,265.14,317.25,178.25,15:15:59,247,15:15:59,431.4,425.25,6.15
19/11/2018,238.2,209.75,321.57,283.1625,258.6,15:15:59,180.85,15:15:59,447.95,439.45,8.5
20/11/2018,183,180.5,247.05,243.675,121.1,15:15:59,175.5,15:15:59,363.5,296.6,66.9
21/11/2018,166.1,96.8,224.235,130.68,236,12:27:59,131.3,10:31:59,262.9,367.3,-104.4
22/11/2018,93,46.7,125.55,63.045,0.1,15:15:59,63.8,13:05:59,139.7,63.9,75.8
26/11/2018,188.5,170.85,254.475,230.6475,263,13:43:59,68,15:15:59,359.35,331,28.35
27/11/2018,120.8,178.9,163.08,241.515,166,10:35:59,122.35,15:15:59,299.7,288.35,11.35
28/11/2018,111,115.25,149.85,155.5875,59.8,15:15:59,161.9,14:15:59,226.25,221.7,4.55
29/11/2018,60.7,64.6,81.945,87.21,86,11:31:59,0.05,15:15:59,125.3,86.05,39.25
30/11/2018,235.55,196.45,317.9925,265.2075,182.3,15:15:59,269.9,12:45:59,432,452.2,-20.2
3/12/2018,213,201.25,287.55,271.6875,192.7,15:15:59,192.3,15:15:59,414.25,385,29.25
4/12/2018,218.5,140.35,294.975,189.4725,176,15:15:59,132.95,15:15:59,358.85,308.95,49.9
5/12/2018,166.3,109.25,224.505,147.4875,128.15,15:15:59,67,15:15:59,275.55,195.15,80.4
6/12/2018,53.8,78.5,72.63,105.975,76.25,13:10:59,108,9:47:59,132.3,184.25,-51.95
7/12/2018,339.1,295,457.785,398.25,458.9,15:01:59,184.2,15:15:59,634.1,643.1,-9
10/12/2018,319.7,274,431.595,369.9,302.95,15:15:59,346.4,15:15:59,593.7,649.35,-55.65
11/12/2018,352.6,252.7,476.01,341.145,484.95,11:19:59,50,15:15:59,605.3,534.95,70.35
12/12/2018,142.75,114.6,192.7125,154.71,196.95,13:47:59,22.1,15:15:59,257.35,219.05,38.3
13/12/2018,74,73.7,99.9,99.495,0.1,15:15:59,100.9,11:38:59,147.7,101,46.7
14/12/2018,229.7,213.35,310.095,288.0225,208.75,15:15:59,192.9,15:15:59,443.05,401.65,41.4
17/12/2018,170,177.75,229.5,239.9625,176.75,15:15:59,139.6,15:15:59,347.75,316.35,31.4
18/12/2018,156.5,132.85,211.275,179.3475,257.75,14:15:59,40.95,15:15:59,289.35,298.7,-9.35
19/12/2018,124.75,119.5,168.4125,161.325,120.15,15:15:59,170,11:15:59,244.25,290.15,-45.9
20/12/2018,69.4,78.6,93.69,106.11,93.95,9:52:59,106.25,10:31:59,148,200.2,-52.2
21/12/2018,218.05,164.9,294.3675,222.615,59.95,15:15:59,227.55,10:18:59,382.95,287.5,95.45
24/12/2018,227.15,112.9,306.6525,152.415,130.15,15:15:59,156.75,10:32:59,340.05,286.9,53.15
26/12/2018,165,102.5,222.75,138.375,230.7,12:17:59,11.4,15:15:59,267.5,242.1,25.4
27/12/2018,93.35,72.7,126.0225,98.145,0.1,15:15:59,101,9:49:59,166.05,101.1,64.95
28/12/2018,205.65,209,277.6275,282.15,175.2,15:15:59,199.95,15:15:59,414.65,375.15,39.5
31/12/2018,193.6,148.15,261.36,200.0025,176.05,15:15:59,149.25,15:15:59,341.75,325.3,16.45
