Date,CE ENTRY,PE ENTRY,CE SL,PE SL,CE EXIT,CE EXIT TIME,PE EXIT,PE EXIT TIME,ENTRY SUM,EXIT SUM,entry - exit
13/06/2016,115.55,163,150.215,211.9,107.75,15:15:59,145.65,15:15:59,278.55,253.4,25.15
14/06/2016,119.05,122.1,154.765,158.73,160,14:48:59,88.7,15:15:59,241.15,248.7,-7.55
15/06/2016,68.15,122,88.595,158.6,91.8,14:03:59,20,15:15:59,190.15,111.8,78.35
16/06/2016,77.8,41.5,101.14,53.95,0.25,15:15:59,57.4,10:48:59,119.3,57.65,61.65
17/06/2016,162.6,164,211.38,213.2,102.35,15:15:59,225,12:25:59,326.6,327.35,-0.75
20/06/2016,183.8,113.55,238.94,147.615,248,12:38:59,78.45,15:15:59,297.35,326.45,-29.1
21/06/2016,107.15,142.8,139.295,185.64,83,15:15:59,143.7,15:15:59,249.95,226.7,23.25
22/06/2016,96,86.45,124.8,112.385,34.3,15:15:59,112.55,13:04:59,182.45,146.85,35.6
23/06/2016,70.9,47.8,92.17,62.14,94.85,12:12:59,0.05,15:15:59,118.7,94.9,23.8
24/06/2016,253.3,294.95,329.29,383.435,333.5,13:07:59,86.5,15:15:59,548.25,420,128.25
27/06/2016,134.5,192.05,174.85,249.665,178.95,12:36:59,144.7,15:15:59,326.55,323.65,2.9
28/06/2016,146.6,130.35,190.58,169.455,191,13:01:59,84.35,15:15:59,276.95,275.35,1.6
29/06/2016,71.55,105.2,93.015,136.76,94,14:30:59,67.75,15:15:59,176.75,161.75,15
30/06/2016,50.45,70.55,65.585,91.715,69.95,13:43:59,93,12:03:59,121,162.95,-41.95
1/8/2016,171.2,95.1,222.56,123.63,47.85,15:15:59,137.85,11:58:59,266.3,185.7,80.6
2/8/2016,120.1,108.95,156.13,141.635,157,11:19:59,149,14:14:59,229.05,306,-76.95
3/8/2016,148.2,77.4,192.66,100.62,42.8,15:15:59,102,11:21:59,225.6,144.8,80.8
4/8/2016,50.95,57.75,66.235,75.075,0.15,15:16:59,76.85,13:06:59,108.7,77,31.7
5/8/2016,159.5,159.75,207.35,207.675,170.55,15:15:59,131.35,15:15:59,319.25,301.9,17.35
8/8/2016,125.3,154.25,162.89,200.525,117.6,15:15:59,157.7,15:15:59,279.55,275.3,4.25
9/8/2016,154,116,200.2,150.8,118.25,15:15:59,86,15:15:59,270,204.25,65.75
10/8/2016,97.5,73,126.75,94.9,55.5,15:15:59,73.05,15:15:59,170.5,128.55,41.95
11/8/2016,40.3,51.55,52.39,67.015,53.55,10:55:59,0.15,15:16:59,91.85,53.7,38.15
12/8/2016,115.35,142.15,149.955,184.795,165.55,12:48:59,60.25,15:15:59,257.5,225.8,31.7
12/8/2016,115.35,142.15,149.955,184.795,165.55,12:48:59,60.25,15:15:59,257.5,225.8,31.7
16/08/2016,99.05,103.5,128.765,134.55,94.85,15:15:59,138,11:00:59,202.55,232.85,-30.3
17/08/2016,77.9,88.95,101.27,115.635,104,11:05:59,50.45,15:15:59,166.85,154.45,12.4
18/08/2016,23,60.15,29.9,78.195,34.05,10:35:59,0.05,15:17:59,83.15,34.1,49.05
19/08/2016,155,157.3,201.5,204.49,153.4,15:15:59,135.5,15:15:59,312.3,288.9,23.4
19/08/2016,155,157.3,201.5,204.49,153.4,15:15:59,135.5,15:15:59,312.3,288.9,23.4
22/08/2016,121.8,143.5,158.34,186.55,159.85,13:04:59,106.3,15:15:59,265.3,266.15,-0.85
23/08/2016,115,117,149.5,152.1,149.8,15:27:59,61.05,15:15:59,232,210.85,21.15
24/08/2016,90.1,77.55,117.13,100.815,119,14:59:59,30.7,15:15:59,167.65,149.7,17.95
25/08/2016,55.85,33.75,72.605,43.875,0.1,15:18:59,45.95,12:35:59,89.6,46.05,43.55
26/08/2016,142.5,99.1,185.25,128.83,140.2,15:15:59,134,12:08:59,241.6,274.2,-32.6
26/08/2016,142.5,99.1,185.25,128.83,140.2,15:15:59,134,12:08:59,241.6,274.2,-32.6
29/08/2016,106,116.1,137.8,150.93,109.4,15:15:59,152.7,13:32:59,222.1,262.1,-40
30/08/2016,57.4,101.5,74.62,131.95,74.95,14:23:59,53.8,15:15:59,158.9,128.75,30.15
31/08/2016,52.6,76,68.38,98.8,69,13:29:59,26.3,15:15:59,128.6,95.3,33.3
1/9/2016,53.1,39.6,69.03,51.48,71.95,10:48:59,52.4,12:20:59,92.7,124.35,-31.65
2/9/2016,164.45,126,213.785,163.8,182.05,15:15:59,93,15:15:59,290.45,275.05,15.4
2/9/2016,164.45,126,213.785,163.8,182.05,15:15:59,93,15:15:59,290.45,275.05,15.4
6/9/2016,97.4,117.5,126.62,152.75,126.95,11:23:59,29.8,15:15:59,214.9,156.75,58.15
7/9/2016,122.5,68,159.25,88.4,166,11:05:59,58.65,15:15:59,190.5,224.65,-34.15
8/9/2016,42.4,72.45,55.12,94.185,0.05,15:15:59,95,11:28:59,114.85,95.05,19.8
9/9/2016,151.75,161,197.275,209.3,203.75,13:09:59,107.2,15:15:59,312.75,310.95,1.8
12/9/2016,182,128.05,236.6,166.465,148,15:15:59,128.4,15:15:59,310.05,276.4,33.65
12/9/2016,182,128.05,236.6,166.465,148,15:15:59,128.4,15:15:59,310.05,276.4,33.65
14/09/2016,121.75,86,158.275,111.8,160,12:21:59,29.8,15:15:59,207.75,189.8,17.95
15/09/2016,42.25,44.2,54.925,57.46,56.2,11:35:59,59.9,12:23:59,86.45,116.1,-29.65
16/09/2016,175,153,227.5,198.9,70.85,15:15:59,202.55,12:35:59,328,273.4,54.6
19/09/2016,203.25,146.65,264.225,190.645,182.05,15:15:59,154.7,15:15:59,349.9,336.75,13.15
20/09/2016,149.7,170.95,194.61,222.235,137.05,15:15:59,167.6,15:15:59,320.65,304.65,16
21/09/2016,139.45,129.15,181.285,167.895,110,15:15:59,169.05,14:18:59,268.6,279.05,-10.45
22/09/2016,66.2,35.15,86.06,45.695,27.35,15:15:59,46.9,10:39:59,101.35,74.25,27.1
23/09/2016,190,127.3,247,165.49,110.45,15:15:59,166.3,15:09:59,317.3,276.75,40.55
26/09/2016,168,84.4,218.4,109.72,94.65,15:15:59,113.2,12:55:59,252.4,207.85,44.55
27/09/2016,126.25,98,164.125,127.4,166,11:26:59,129.05,14:31:59,224.25,295.05,-70.8
28/09/2016,75.3,90,97.89,117,98.5,12:07:59,39.85,15:15:59,165.3,138.35,26.95
29/09/2016,59.5,36.65,77.35,47.645,0.15,15:15:59,48,10:59:59,96.15,48.15,48
30/09/2016,237,205.15,308.1,266.695,219.95,15:15:59,274.15,12:09:59,442.15,494.1,-51.95
3/10/2016,205.35,139.15,266.955,180.895,213.65,15:15:59,105.5,15:15:59,344.5,319.15,25.35
4/10/2016,174.95,122.35,227.435,159.055,255.35,13:56:59,41.3,15:15:59,297.3,296.65,0.65
5/10/2016,83.8,84.65,108.94,110.045,52.95,15:15:59,113.35,12:24:59,168.45,166.3,2.15
6/10/2016,49.45,42.6,64.285,55.38,67.25,10:41:59,60.5,14:00:59,92.05,127.75,-35.7
7/10/2016,151,124.05,196.3,161.265,133.4,15:15:59,163,13:09:59,275.05,296.4,-21.35
10/10/2016,78.6,118,102.18,153.4,33.55,15:15:59,159.75,12:57:59,196.6,193.3,3.3
10/10/2016,78.6,118,102.18,153.4,33.55,15:15:59,159.75,12:57:59,196.6,193.3,3.3
10/10/2016,78.6,118,102.18,153.4,33.55,15:15:59,159.75,12:57:59,196.6,193.3,3.3
13/10/2016,49.95,54.6,64.935,70.98,0.05,15:18:59,71.95,12:39:59,104.55,72,32.55
14/10/2016,168.45,144.2,218.985,187.46,172,15:15:59,138.5,15:15:59,312.65,310.5,2.15
14/10/2016,168.45,144.2,218.985,187.46,172,15:15:59,138.5,15:15:59,312.65,310.5,2.15
17/10/2016,141.95,148.9,184.535,193.57,78.65,15:15:59,194.1,11:55:59,290.85,272.75,18.1
18/10/2016,116.35,126.65,151.255,164.645,154.4,13:05:59,21.6,15:15:59,243,176,67
19/10/2016,97.1,81.65,126.23,106.145,127,12:07:59,106.4,13:17:59,178.75,233.4,-54.65
20/10/2016,32.35,93.05,42.055,120.965,43,11:02:59,138.6,12:49:59,125.4,181.6,-56.2
21/10/2016,158,176.05,205.4,228.865,214.3,14:46:59,106.75,15:15:59,334.05,321.05,13
24/10/2016,150,139.25,195,181.025,149.1,15:15:59,116.6,15:15:59,289.25,265.7,23.55
25/10/2016,158.4,112,205.92,145.6,208,14:08:59,60.5,15:15:59,270.4,268.5,1.9
26/10/2016,96,89.15,124.8,115.895,30.95,15:15:59,116,14:23:59,185.15,146.95,38.2
27/10/2016,54.6,66.35,70.98,86.255,73,13:14:59,0.15,15:15:59,120.95,73.15,47.8
28/10/2016,124.55,138.15,161.915,179.595,107.65,15:15:59,179.9,12:32:59,262.7,287.55,-24.85
1/11/2016,119.9,135,155.87,175.5,158.75,13:28:59,132,15:15:59,254.9,290.75,-35.85
2/11/2016,104.95,98,136.435,127.4,85.5,15:15:59,77.9,15:15:59,202.95,163.4,39.55
3/11/2016,45.55,69.6,59.215,90.48,0.05,15:15:59,93.9,11:36:59,115.15,93.95,21.2
4/11/2016,241.55,220.25,314.015,286.325,222.8,15:15:59,299.45,14:16:59,461.8,522.25,-60.45
7/11/2016,213,228.05,276.9,296.465,239.75,15:15:59,200.25,15:15:59,441.05,440,1.05
8/11/2016,206.75,243.45,268.775,316.485,272,15:07:59,175.55,15:15:59,450.2,447.55,2.65
9/11/2016,248.15,240.65,322.595,312.845,332.95,12:50:59,8.1,15:15:59,488.8,341.05,147.75
10/11/2016,60.8,84.5,79.04,109.85,79.35,10:40:59,0.05,15:16:59,145.3,79.4,65.9
11/11/2016,269.6,247.4,350.48,321.62,143.95,15:15:59,326,12:48:59,517,469.95,47.05
15/11/2016,281.55,209.55,366.015,272.415,75.9,15:15:59,275,11:25:59,491.1,350.9,140.2
16/11/2016,185,176.2,240.5,229.06,51.4,15:15:59,229.95,14:37:59,361.2,281.35,79.85
17/11/2016,81.15,94.6,105.495,122.98,0.05,15:16:59,123.4,13:44:59,175.75,123.45,52.3
18/11/2016,238,178.25,309.4,231.725,204.5,15:15:59,234.85,14:40:59,416.25,439.35,-23.1
21/11/2016,189.5,201,246.35,261.3,83.5,15:15:59,270,10:43:59,390.5,353.5,37
22/11/2016,145,210.25,188.5,273.325,200.25,14:30:59,130.7,15:15:59,355.25,330.95,24.3
23/11/2016,119.1,132,154.83,171.6,157.6,11:00:59,81.4,15:15:59,251.1,239,12.1
24/11/2016,56.75,77.1,73.775,100.23,0.15,15:15:59,106.35,12:57:59,133.85,106.5,27.35
25/11/2016,228.2,166.2,296.66,216.06,301,14:59:59,103,15:15:59,394.4,404,-9.6
28/11/2016,179.75,178.5,233.675,232.05,237.95,10:50:59,164.15,15:15:59,358.25,402.1,-43.85
29/11/2016,148.3,150.7,192.79,195.91,64.65,15:15:59,201.75,14:20:59,299,266.4,32.6
30/11/2016,93.7,127.5,121.81,165.75,121.95,13:35:59,14.45,15:15:59,221.2,136.4,84.8
1/12/2016,57.25,65,74.425,84.5,0.05,15:15:59,93,10:53:59,122.25,93.05,29.2
2/12/2016,289,234,375.7,304.2,391.4,13:39:59,217,15:15:59,523,608.4,-85.4
5/12/2016,223.2,242.8,290.16,315.64,294.05,15:16:59,164.9,15:15:59,466,458.95,7.05
6/12/2016,197.45,208.2,256.685,270.66,206.15,15:15:59,169,15:15:59,405.65,375.15,30.5
7/12/2016,153.85,181.35,200.005,235.755,205,13:29:59,263.05,14:31:59,335.2,468.05,-132.85
8/12/2016,93.45,26.05,121.485,33.865,122.55,13:48:59,33.9,10:48:59,119.5,156.45,-36.95
9/12/2016,195.4,184.55,254.02,239.915,255.35,11:45:59,114.85,15:15:59,379.95,370.2,9.75
12/12/2016,174,162.45,226.2,211.185,103.25,15:15:59,217,14:25:59,336.45,320.25,16.2
13/12/2016,122.5,177.6,159.25,230.88,159.4,13:38:59,118.4,15:15:59,300.1,277.8,22.3
14/12/2016,125.75,133.3,163.475,173.29,120.3,15:15:59,173.95,13:07:59,259.05,294.25,-35.2
15/12/2016,42.85,55,55.705,71.5,0.05,15:15:59,74,10:53:59,97.85,74.05,23.8
16/12/2016,174,141.25,226.2,183.625,149,15:15:59,137.95,15:15:59,315.25,286.95,28.3
19/12/2016,117.2,122,152.36,158.6,105.9,15:15:59,122.05,15:15:59,239.2,227.95,11.25
20/12/2016,93.45,98.35,121.485,127.855,40.9,15:15:59,129,11:15:59,191.8,169.9,21.9
21/12/2016,98.05,57,127.465,74.1,58.3,15:15:59,74.55,15:05:59,155.05,132.85,22.2
22/12/2016,57.85,33.9,75.205,44.07,0.35,15:15:59,46,11:21:59,91.75,46.35,45.4
23/12/2016,126.15,146.25,163.995,190.125,166,13:19:59,123,15:15:59,272.4,289,-16.6
26/12/2016,106.85,132.55,138.905,172.315,90,15:15:59,123.05,15:15:59,239.4,213.05,26.35
27/12/2016,85.35,96.6,110.955,125.58,112.05,14:26:59,25.3,15:15:59,181.95,137.35,44.6
28/12/2016,100.05,65.75,130.065,85.475,131.5,11:56:59,90.1,14:19:59,165.8,221.6,-55.8
29/12/2016,47.2,52.85,61.36,68.705,69,15:01:59,73.45,11:35:59,100.05,142.45,-42.4
30/12/2016,121.3,176.7,157.69,229.71,110.05,15:15:59,179,15:15:59,298,289.05,8.95
2/1/2017,132.35,118.45,172.055,153.985,113,15:15:59,156.85,10:46:59,250.8,269.85,-19.05
3/1/2017,90.75,136.55,117.975,177.515,64.3,15:15:59,191.7,13:17:59,227.3,256,-28.7
4/1/2017,94.3,82.5,122.59,107.25,29.4,15:15:59,109,10:44:59,176.8,138.4,38.4
5/1/2017,62.5,28.4,81.25,36.92,82,11:50:59,0.1,15:16:59,90.9,82.1,8.8
6/1/2017,129,137,167.7,178.1,106.55,15:15:59,146.15,15:15:59,266,252.7,13.3
9/1/2017,122.7,108.9,159.51,141.57,106.85,15:15:59,110.4,15:15:59,231.6,217.25,14.35
10/1/2017,107.85,84.55,140.205,109.915,147.3,15:18:59,55.15,15:15:59,192.4,202.45,-10.05
11/1/2017,58.4,82.65,75.92,107.445,76.6,11:01:59,11.6,15:15:59,141.05,88.2,52.85
12/1/2017,61.5,26.7,79.95,34.71,86,10:57:59,0.05,15:16:59,88.2,86.05,2.15
13/01/2017,132.05,136.85,171.665,177.905,175,11:31:59,89.05,15:15:59,268.9,264.05,4.85
16/01/2017,108.55,133,141.115,172.9,142.85,12:53:59,69.6,15:15:59,241.55,212.45,29.1
17/01/2017,128.9,88.55,167.57,115.115,96.35,15:15:59,117.7,10:41:59,217.45,214.05,3.4
18/01/2017,70.45,95.95,91.585,124.735,29.95,15:15:59,132.1,12:10:59,166.4,162.05,4.35
19/01/2017,39.35,46,51.155,59.8,51.7,11:55:59,0.1,15:18:59,85.35,51.8,33.55
20/01/2017,138.1,129.8,179.53,168.74,74.8,15:15:59,170.05,13:00:59,267.9,244.85,23.05
23/01/2017,145.25,80.15,188.825,104.195,196.95,11:05:59,104.9,12:49:59,225.4,301.85,-76.45
24/01/2017,67.65,79.5,87.945,103.35,88.65,14:45:59,43.5,15:15:59,147.15,132.15,15
25/01/2017,18.75,71.75,24.375,93.275,25,12:10:59,0.1,15:15:59,90.5,25.1,65.4
27/01/2017,231,231.8,300.3,301.34,304,14:11:59,229.6,15:15:59,462.8,533.6,-70.8
30/01/2017,241,275,313.3,357.5,203.1,15:15:59,298.55,15:15:59,516,501.65,14.35
31/01/2017,235.5,233.95,306.15,304.135,311.8,13:00:59,197.75,15:15:59,469.45,509.55,-40.1
1/2/2017,216.35,244.65,281.255,318.045,322.55,13:05:59,6.5,15:15:59,461,329.05,131.95
2/2/2017,40.25,71,52.325,92.3,54.8,14:04:59,96.4,11:06:59,111.25,151.2,-39.95
3/2/2017,184.4,178.4,239.72,231.92,240,13:58:59,122.2,15:15:59,362.8,362.2,0.6
6/2/2017,193,144.6,250.9,187.98,146.1,15:15:59,212.9,13:35:59,337.6,359,-21.4
7/2/2017,171.65,136,223.145,176.8,167.85,15:15:59,125.7,15:15:59,307.65,293.55,14.1
8/2/2017,160,127.7,208,166.01,74.85,15:15:59,185,14:29:59,287.7,259.85,27.85
9/2/2017,88,39.55,114.4,51.415,47.5,15:15:59,62.5,10:31:59,127.55,110,17.55
10/2/2017,147.5,156,191.75,202.8,112,15:15:59,204.05,13:43:59,303.5,316.05,-12.55
13/02/2017,107.9,146.2,140.27,190.06,100.25,15:15:59,198,12:15:59,254.1,298.25,-44.15
14/02/2017,91.35,132.65,118.755,172.445,82.45,15:15:59,175.9,11:57:59,224,258.35,-34.35
15/02/2017,87.9,84,114.27,109.2,32.85,15:15:59,113.95,11:14:59,171.9,146.8,25.1
16/02/2017,62.3,50.5,80.99,65.65,81,10:48:59,0.1,15:15:59,112.8,81.1,31.7
17/02/2017,104.9,220.05,136.37,286.065,140.7,11:54:59,288.35,13:20:59,324.95,429.05,-104.1
20/02/2017,153.15,110.8,199.095,144.04,202.25,15:14:59,61.6,15:15:59,263.95,263.85,0.1
21/02/2017,84.05,138.45,109.265,179.985,109.9,14:15:59,42.3,15:15:59,222.5,152.2,70.3
22/02/2017,78.6,98.7,102.18,128.31,60.95,15:15:59,129,13:28:59,177.3,189.95,-12.65
23/02/2017,60.65,66.15,78.845,85.995,84,12:38:59,27.05,15:15:59,126.8,111.05,15.75
27/02/2017,146,130,189.8,169,106,15:15:59,149.75,15:15:59,276,255.75,20.25
28/02/2017,150.65,74,195.845,96.2,120.05,15:15:59,102.7,11:42:59,224.65,222.75,1.9
1/3/2017,93.75,69.9,121.875,90.87,76.15,15:15:59,92,11:29:59,163.65,168.15,-4.5
2/3/2017,29.25,70.1,38.025,91.13,49.5,11:29:59,96.4,12:34:59,99.35,145.9,-46.55
3/3/2017,143.7,151.85,186.81,197.405,153.8,15:15:59,130,15:15:59,295.55,283.8,11.75
6/3/2017,135,106,175.5,137.8,113.05,15:15:59,150.55,13:04:59,241,263.6,-22.6
7/3/2017,133,82.2,172.9,106.86,137.3,15:15:59,66.7,15:15:59,215.2,204,11.2
8/3/2017,90.25,80.2,117.325,104.26,68.3,15:15:59,113,11:02:59,170.45,181.3,-10.85
9/3/2017,63.8,53.1,82.94,69.03,92,14:27:59,70.35,12:27:59,116.9,162.35,-45.45
10/3/2017,201.1,217,261.43,282.1,200,15:15:59,287,14:05:59,418.1,487,-68.9
14/03/2017,136.5,105,177.45,136.5,110,15:15:59,105.25,15:15:59,241.5,215.25,26.25
15/03/2017,89.55,89.95,116.415,116.935,71.4,15:15:59,91.55,15:15:59,179.5,162.95,16.55
16/03/2017,71.1,29,92.43,37.7,38.8,15:15:59,38.55,11:41:59,100.1,77.35,22.75
17/03/2017,129.25,124.7,168.025,162.11,126.2,15:15:59,121,15:15:59,253.95,247.2,6.75
20/03/2017,115,95.9,149.5,124.67,120.9,15:15:59,73.75,15:15:59,210.9,194.65,16.25
21/03/2017,88.95,75.7,115.635,98.41,57,15:15:59,107.85,11:20:59,164.65,164.85,-0.2
22/03/2017,117.65,39.85,152.945,51.805,60.9,15:15:59,52.05,14:38:59,157.5,112.95,44.55
23/03/2017,39.55,35.85,51.415,46.605,53,10:49:59,0.05,15:15:59,75.4,53.05,22.35
24/03/2017,164.9,107.1,214.37,139.23,153.4,15:15:59,114.35,15:15:59,272,267.75,4.25
27/03/2017,115,128.25,149.5,166.725,114.35,15:15:59,170.4,12:16:59,243.25,284.75,-41.5
28/03/2017,102.3,91.9,132.99,119.47,98.2,15:15:59,83.35,15:15:59,194.2,181.55,12.65
29/03/2017,72.9,78.75,94.77,102.375,99,11:19:59,33.25,15:15:59,151.65,132.25,19.4
30/03/2017,31.25,57.4,40.625,74.62,46,15:01:59,0.3,15:15:59,88.65,46.3,42.35
31/03/2017,149.8,134.7,194.74,175.11,122.25,15:15:59,161.4,15:15:59,284.5,283.65,0.85
3/4/2017,101.8,144.45,132.34,187.785,135,14:03:59,85.45,15:15:59,246.25,220.45,25.8
5/4/2017,60.1,108.6,78.13,141.18,80,11:09:59,44.4,15:15:59,168.7,124.4,44.3
6/4/2017,62.6,66.3,81.38,86.19,82,14:32:59,89,12:36:59,128.9,171,-42.1
7/4/2017,108.3,129.1,140.79,167.83,48.7,15:15:59,175,14:46:59,237.4,223.7,13.7
10/4/2017,114.85,90.4,149.305,117.52,151.9,12:31:59,49.25,15:15:59,205.25,201.15,4.1
11/4/2017,96.3,84.25,125.19,109.525,132.7,13:39:59,33.55,15:15:59,180.55,166.25,14.3
12/4/2017,77.2,79.85,100.36,103.805,102.35,12:01:59,32.75,15:15:59,157.05,135.1,21.95
13/04/2017,59.95,37.05,77.935,48.165,0.75,15:15:59,49.35,12:47:59,97,50.1,46.9
17/04/2017,128.4,101.9,166.92,132.47,137.15,15:15:59,76.95,15:15:59,230.3,214.1,16.2
18/04/2017,95.5,100.25,124.15,130.325,19.45,15:15:59,153.75,13:26:59,195.75,173.2,22.55
19/04/2017,89.35,93.35,116.155,121.355,54,15:15:59,122.25,14:42:59,182.7,176.25,6.45
20/04/2017,40.05,44.75,52.065,58.175,55.15,10:40:59,10.5,15:15:59,84.8,65.65,19.15
21/04/2017,177,121.1,230.1,157.43,156.25,15:15:59,180,12:51:59,298.1,336.25,-38.15
24/04/2017,103.25,135.05,134.225,175.565,135,12:29:59,72.6,15:15:59,238.3,207.6,30.7
25/04/2017,98.95,102.25,128.635,132.925,130,13:00:59,54.3,15:15:59,201.2,184.3,16.9
26/04/2017,85.1,101.85,110.63,132.405,89.55,15:15:59,138.1,14:34:59,186.95,227.65,-40.7
27/04/2017,47.7,46.9,62.01,60.97,64.4,10:41:59,0.2,15:15:59,94.6,64.6,30
28/04/2017,87.05,175.95,113.165,228.735,115,13:31:59,99.35,15:15:59,263,214.35,48.65
2/5/2017,105,100.05,136.5,130.065,74.5,15:15:59,144.9,10:44:59,205.05,219.4,-14.35
3/5/2017,93.65,93.7,121.745,121.81,76,15:15:59,69.9,15:15:59,187.35,145.9,41.45
4/5/2017,17.45,73.8,22.685,95.94,23,11:29:59,0.05,15:15:59,91.25,23.05,68.2
5/5/2017,110.15,200.25,143.195,260.325,71.15,15:15:59,262.95,13:11:59,310.4,334.1,-23.7
8/5/2017,97.5,159.25,126.75,207.025,93,15:15:59,136.05,15:15:59,256.75,229.05,27.7
9/5/2017,106.2,107.9,138.06,140.27,140.55,13:14:59,85,15:15:59,214.1,225.55,-11.45
10/5/2017,92.1,73.4,119.73,95.42,78.35,15:15:59,56,15:15:59,165.5,134.35,31.15
11/5/2017,42.1,36.1,54.73,46.93,56,11:35:59,48.9,15:02:59,78.2,104.9,-26.7
12/5/2017,102.35,148.05,133.055,192.465,59.95,15:15:59,204.8,13:57:59,250.4,264.75,-14.35
15/05/2017,106,95.9,137.8,124.67,106.05,15:15:59,92.9,15:15:59,201.9,198.95,2.95
16/05/2017,85.25,103.4,110.825,134.42,113.45,13:00:59,41.4,15:15:59,188.65,154.85,33.8
17/05/2017,80.8,71,105.04,92.3,74.15,15:15:59,96.4,12:34:59,151.8,170.55,-18.75
18/05/2017,68,23.65,88.4,30.745,90,11:38:59,31.5,10:55:59,91.65,121.5,-29.85
19/05/2017,118.35,138.5,153.855,180.05,75.9,15:15:59,183,11:16:59,256.85,258.9,-2.05
22/05/2017,110,125.75,143,163.475,63.7,15:15:59,164,13:40:59,235.75,227.7,8.05
23/05/2017,79.85,137.5,103.805,178.75,110.55,10:42:59,140.1,15:15:59,217.35,250.65,-33.3
24/05/2017,87,87.05,113.1,113.165,34.35,15:15:59,129,12:54:59,174.05,163.35,10.7
25/05/2017,37.8,51.55,49.14,67.015,50.6,13:06:59,0.2,15:15:59,89.35,50.8,38.55
26/05/2017,119,219.95,154.7,285.935,157.6,14:26:59,122.7,15:15:59,338.95,280.3,58.65
29/05/2017,126,169.2,163.8,219.96,163.9,14:09:59,163.65,15:15:59,295.2,327.55,-32.35
30/05/2017,124.9,121.6,162.37,158.08,136.7,15:15:59,91.8,15:15:59,246.5,228.5,18
31/05/2017,85.75,110.85,111.475,144.105,114,14:37:59,39.35,15:15:59,196.6,153.35,43.25
1/6/2017,80,33.4,104,43.42,9.5,15:15:59,45.8,10:56:59,113.4,55.3,58.1
2/6/2017,175.35,118,227.955,153.4,179.25,15:15:59,99.05,15:15:59,293.35,278.3,15.05
5/6/2017,128.55,122.3,167.115,158.99,145,15:15:59,94,15:15:59,250.85,239,11.85
6/6/2017,94.6,138.9,122.98,180.57,88.85,15:15:59,140.7,15:15:59,233.5,229.55,3.95
7/6/2017,108.55,107.9,141.115,140.27,149.95,15:18:59,150,14:27:59,216.45,299.95,-83.5
8/6/2017,48.4,40.3,62.92,52.39,0.15,15:16:59,54.65,14:46:59,88.7,54.8,33.9
9/6/2017,144.4,120.85,187.72,157.105,188.25,14:25:59,60.05,15:15:59,265.25,248.3,16.95
12/6/2017,153.85,84.8,200.005,110.24,105.2,15:15:59,111.2,13:53:59,238.65,216.4,22.25
13/06/2017,79.4,120.7,103.22,156.91,57.5,15:15:59,160.65,14:49:59,200.1,218.15,-18.05
14/06/2017,118.65,80.55,154.245,104.715,154.95,12:49:59,38.9,15:15:59,199.2,193.85,5.35
15/06/2017,51.15,33.35,66.495,43.355,0.8,15:15:59,47.4,11:44:59,84.5,48.2,36.3
16/06/2017,99.45,131.95,129.285,171.535,101.05,15:15:59,116.7,15:15:59,231.4,217.75,13.65
19/06/2017,79.45,115.85,103.285,150.605,104.4,13:43:59,47.9,15:15:59,195.3,152.3,43
20/06/2017,116.5,76,151.45,98.8,95,15:15:59,73.35,15:15:59,192.5,168.35,24.15
21/06/2017,55.3,86.5,71.89,112.45,73.15,14:18:59,54.05,15:15:59,141.8,127.2,14.6
22/06/2017,39.7,32.05,51.61,41.665,65,10:47:59,46.95,14:54:59,71.75,111.95,-40.2
23/06/2017,141.5,116,183.95,150.8,102.45,15:15:59,151.6,11:35:59,257.5,254.05,3.45
27/06/2017,159.15,95.95,206.895,124.735,80.85,15:15:59,126.35,10:33:59,255.1,207.2,47.9
28/06/2017,105,102.25,136.5,132.925,136.65,11:59:59,145.25,13:39:59,207.25,281.9,-74.65
29/06/2017,54.85,65.8,71.305,85.54,75.25,12:03:59,100.05,12:50:59,120.65,175.3,-54.65
30/06/2017,155.95,151.7,202.735,197.21,203.1,15:21:59,111.05,15:15:59,307.65,314.15,-6.5
3/7/2017,153,108,198.9,140.4,200,10:58:59,84.9,15:15:59,261,284.9,-23.9
4/7/2017,99.65,116.8,129.545,151.84,73.95,15:15:59,155.5,10:43:59,216.45,229.45,-13
5/7/2017,86.6,76.9,112.58,99.97,114.4,11:08:59,40.5,15:15:59,163.5,154.9,8.6
6/7/2017,74.45,25.55,96.785,33.215,98,11:03:59,0.1,15:16:59,100,98.1,1.9
7/7/2017,139.45,116.75,181.285,151.775,146,15:15:59,103.6,15:15:59,256.2,249.6,6.6
11/7/2017,88.55,102.95,115.115,133.835,49.85,15:15:59,137.7,14:56:59,191.5,187.55,3.95
12/7/2017,50.45,94.1,65.585,122.33,66.6,10:38:59,29.65,15:15:59,144.55,96.25,48.3
13/07/2017,45.1,43.15,58.63,56.095,0.3,15:15:59,57.55,11:26:59,88.25,57.85,30.4
14/07/2017,140,123,182,159.9,189.4,11:58:59,57.4,15:15:59,263,246.8,16.2
17/07/2017,102,127,132.6,165.1,108.6,15:15:59,111.85,15:15:59,229,220.45,8.55
18/07/2017,102.7,103.5,133.51,134.55,72.55,15:15:59,113.05,15:15:59,206.2,185.6,20.6
19/07/2017,93.05,67.45,120.965,87.685,123.4,14:42:59,30.6,15:15:59,160.5,154,6.5
20/07/2017,56.6,26.45,73.58,34.385,75.15,11:04:59,41.15,12:25:59,83.05,116.3,-33.25
21/07/2017,157.95,118.4,205.335,153.92,151.8,15:15:59,155.8,12:58:59,276.35,307.6,-31.25
24/07/2017,103,119,133.9,154.7,100,15:15:59,127,15:15:59,222,227,-5
25/07/2017,99.15,105.1,128.895,136.63,110.9,15:15:59,82.05,15:15:59,204.25,192.95,11.3
26/07/2017,115.5,54.55,150.15,70.915,154.95,14:56:59,17.6,15:15:59,170.05,172.55,-2.5
27/07/2017,53.3,52.5,69.29,68.25,71.9,11:00:59,15.7,15:15:59,105.8,87.6,18.2
28/07/2017,153.45,134.35,199.485,174.655,138.85,15:15:59,175.9,12:59:59,287.8,314.75,-26.95
31/07/2017,161.75,120.95,210.275,157.235,218.85,12:27:59,86.05,15:15:59,282.7,304.9,-22.2
1/8/2017,191.4,144,248.82,187.2,178.35,15:15:59,187.55,10:49:59,335.4,365.9,-30.5
2/8/2017,121.7,148.75,158.21,193.375,59.15,15:15:59,200.95,14:12:59,270.45,260.1,10.35
3/8/2017,56.95,35,74.035,45.5,74.75,10:57:59,48,13:39:59,91.95,122.75,-30.8
4/8/2017,157.9,109.95,205.27,142.935,210,14:07:59,144.65,10:46:59,267.85,354.65,-86.8
7/8/2017,159,82.9,206.7,107.77,150.3,15:15:59,81.95,15:15:59,241.9,232.25,9.65
8/8/2017,95.9,129.25,124.67,168.025,133.6,11:28:59,169,13:30:59,225.15,302.6,-77.45
9/8/2017,102.25,89.25,132.925,116.025,43.45,15:15:59,116.5,10:47:59,191.5,159.95,31.55
10/8/2017,76.75,39,99.775,50.7,107.65,11:09:59,51.25,13:36:59,115.75,158.9,-43.15
11/8/2017,189.8,195.3,246.74,253.89,257.15,12:06:59,257.3,14:04:59,385.1,514.45,-129.35
14/08/2017,198.85,115.4,258.505,150.02,175.9,15:15:59,107.45,15:15:59,314.25,283.35,30.9
16/08/2017,79.5,112.25,103.35,145.925,106.1,12:03:59,6.3,15:15:59,191.75,112.4,79.35
17/08/2017,60.2,55.05,78.26,71.565,0.05,15:17:59,73.45,11:02:59,115.25,73.5,41.75
18/08/2017,214.15,188.9,278.395,245.57,240.75,15:15:59,152.5,15:15:59,403.05,393.25,9.8
21/08/2017,152,165.3,197.6,214.89,62.3,15:15:59,221.95,13:12:59,317.3,284.25,33.05
22/08/2017,158.1,153.7,205.53,199.81,207.9,10:53:59,87.85,15:15:59,311.8,295.75,16.05
23/08/2017,137.5,80.95,178.75,105.235,184.5,14:26:59,19.55,15:15:59,218.45,204.05,14.4
24/08/2017,40.3,69.95,52.39,90.935,52.85,10:35:59,2.5,15:15:59,110.25,55.35,54.9
28/08/2017,150.25,143,195.325,185.9,131.2,15:15:59,145,15:15:59,293.25,276.2,17.05
29/08/2017,138.65,134.7,180.245,175.11,90.55,15:15:59,176.5,13:57:59,273.35,267.05,6.3
30/08/2017,96.9,86.85,125.97,112.905,131.2,11:56:59,75,15:15:59,183.75,206.2,-22.45
31/08/2017,79,40.5,102.7,52.65,106.45,12:35:59,0.45,15:15:59,119.5,106.9,12.6
1/9/2017,162.55,139.5,211.315,181.35,166.3,15:15:59,117.4,15:15:59,302.05,283.7,18.35
4/9/2017,149.45,116.55,194.285,151.515,110.3,15:15:59,158,11:53:59,266,268.3,-2.3
5/9/2017,146.25,87,190.125,113.1,125.1,15:15:59,116.35,12:17:59,233.25,241.45,-8.2
6/9/2017,73.8,92.5,95.94,120.25,97.4,11:32:59,41.25,15:15:59,166.3,138.65,27.65
7/9/2017,29.7,47.1,38.61,61.23,0.25,15:15:59,77.4,12:05:59,76.8,77.65,-0.85
8/9/2017,110,160.35,143,208.455,106,15:15:59,214.9,13:09:59,270.35,320.9,-50.55
11/9/2017,95.35,132.45,123.955,172.185,125,11:19:59,58.8,15:15:59,227.8,183.8,44
12/9/2017,70.2,136.2,91.26,177.06,70.25,15:15:59,111.15,15:15:59,206.4,181.4,25
13/09/2017,98.5,58.1,128.05,75.53,131.35,13:33:59,66.45,15:15:59,156.6,197.8,-41.2
14/09/2017,16.15,76.35,20.995,99.255,0.25,15:15:59,101.75,11:08:59,92.5,102,-9.5
15/09/2017,160,123.25,208,160.225,155,15:15:59,116,15:15:59,283.25,271,12.25
18/09/2017,95.8,140,124.54,182,89,15:15:59,126.15,15:15:59,235.8,215.15,20.65
19/09/2017,106.25,88.65,138.125,115.245,138.95,13:55:59,67.55,15:15:59,194.9,206.5,-11.6
20/09/2017,98.6,57.6,128.18,74.88,77.4,15:15:59,75,15:22:59,156.2,152.4,3.8
21/09/2017,43.3,44.1,56.29,57.33,2.5,15:15:59,60.75,10:39:59,87.4,63.25,24.15
22/09/2017,195.5,150.5,254.15,195.65,137.35,15:15:59,198,14:12:59,346,335.35,10.65
25/09/2017,240,113.45,312,147.485,265,15:15:59,70.8,15:15:59,353.45,335.8,17.65
26/09/2017,139.05,99.3,180.765,129.09,194.35,13:32:59,132.95,11:01:59,238.35,327.3,-88.95
27/09/2017,87.4,119.9,113.62,155.87,10.2,15:15:59,169.15,10:41:59,207.3,179.35,27.95
28/09/2017,39,73.45,50.7,95.485,59.85,15:04:59,117.95,11:17:59,112.45,177.8,-65.35
29/09/2017,191.6,130,249.08,169,114.6,15:15:59,174,15:01:59,321.6,288.6,33
3/10/2017,138.1,189.05,179.53,245.765,131.4,15:15:59,153.65,15:15:59,327.15,285.05,42.1
4/10/2017,139,105.2,180.7,136.76,63.8,15:15:59,82,15:15:59,244.2,145.8,98.4
5/10/2017,66,26.6,85.8,34.58,0.5,15:15:59,38.5,10:31:59,92.6,39,53.6
6/10/2017,142.75,126,185.575,163.8,128.95,15:15:59,125.85,15:15:59,268.75,254.8,13.95
9/10/2017,111.95,115.15,145.535,149.695,93,15:15:59,152.55,12:12:59,227.1,245.55,-18.45
10/10/2017,100.6,89.75,130.78,116.675,111.75,15:15:59,65.6,15:15:59,190.35,177.35,13
11/10/2017,86.85,53.45,112.905,69.485,2.75,15:15:59,89.35,13:28:59,140.3,92.1,48.2
12/10/2017,38,50.15,49.4,65.195,52.55,11:46:59,65.95,12:55:59,88.15,118.5,-30.35
13/10/2017,143,118,185.9,153.4,187.05,10:44:59,65.9,15:15:59,261,252.95,8.05
16/10/2017,100.5,145,130.65,188.5,80,15:15:59,240.65,10:48:59,245.5,320.65,-75.15
17/10/2017,111,83.3,144.3,108.29,146.5,10:42:59,115.9,12:15:59,194.3,262.4,-68.1
18/10/2017,88.1,35.4,114.53,46.02,2.4,15:15:59,60,11:04:59,123.5,62.4,61.1
23/10/2017,196.5,153.7,255.45,199.81,228,15:15:59,117,15:15:59,350.2,345,5.2
24/10/2017,163.6,112.5,212.68,146.25,155.7,15:15:59,149.95,11:11:59,276.1,305.65,-29.55
25/10/2017,97.55,139.4,126.815,181.22,127.8,11:00:59,26.35,15:15:59,236.95,154.15,82.8
26/10/2017,103.95,74.75,135.135,97.175,144.05,10:46:59,103.7,10:39:59,178.7,247.75,-69.05
27/10/2017,225,167.5,292.5,217.75,186.9,15:15:59,172.1,15:15:59,392.5,359,33.5
30/10/2017,166,153.35,215.8,199.355,161.6,15:15:59,144.75,15:15:59,319.35,306.35,13
31/10/2017,133.15,146.1,173.095,189.93,131.3,15:15:59,130.5,15:15:59,279.25,261.8,17.45
1/11/2017,78.7,144,102.31,187.2,102.9,12:45:59,84.25,15:15:59,222.7,187.15,35.55
2/11/2017,57.5,46.4,74.75,60.32,77.75,11:00:59,65.5,12:00:59,103.9,143.25,-39.35
3/11/2017,142.3,189.3,184.99,246.09,189,13:25:59,107.75,15:15:59,331.6,296.75,34.85
6/11/2017,147.85,164.95,192.205,214.435,194.5,12:45:59,145.4,15:15:59,312.8,339.9,-27.1
7/11/2017,185.8,123.3,241.54,160.29,109,15:15:59,163,13:46:59,309.1,272,37.1
8/11/2017,111,104.95,144.3,136.435,145.35,10:44:59,136.9,14:45:59,215.95,282.25,-66.3
9/11/2017,67,42,87.1,54.6,1,15:15:59,56.75,10:32:59,109,57.75,51.25
10/11/2017,204.9,149.15,266.37,193.895,269.2,13:41:59,89.6,15:15:59,354.05,358.8,-4.75
13/11/2017,153.6,148.9,199.68,193.57,117.45,15:15:59,198.75,15:00:59,302.5,316.2,-13.7
14/11/2017,161.1,102.8,209.43,133.64,219,14:34:59,137.9,12:28:59,263.9,356.9,-93
15/11/2017,98.55,98.4,128.115,127.92,50.7,15:15:59,137.85,14:24:59,196.95,188.55,8.4
16/11/2017,70,27.25,91,35.425,92.9,12:10:59,0,,97.25,92.9,4.35
17/11/2017,224.85,133.2,292.305,173.16,148.85,15:15:59,176.3,15:27:59,358.05,325.15,32.9
20/11/2017,159.2,111.95,206.96,145.535,183.9,15:15:59,84.8,15:15:59,271.15,268.7,2.45
21/11/2017,148.55,80.8,193.115,105.04,99,15:15:59,106.95,13:07:59,229.35,205.95,23.4
22/11/2017,95.75,91.75,124.475,119.275,133,11:58:59,45.9,15:15:59,187.5,178.9,8.6
23/11/2017,66.15,22.05,85.995,28.665,8.85,15:15:59,29.2,12:16:59,88.2,38.05,50.15
24/11/2017,173.9,131.45,226.07,170.885,173,15:15:59,127.35,15:15:59,305.35,300.35,5
27/11/2017,163.85,96.8,213.005,125.84,241.65,14:41:59,44.9,15:15:59,260.65,286.55,-25.9
28/11/2017,144.35,80.5,187.655,104.65,86.75,15:15:59,116.4,13:58:59,224.85,203.15,21.7
29/11/2017,110.8,75,144.04,97.5,144.5,11:19:59,57.5,15:15:59,185.8,202,-16.2
30/11/2017,41.35,75.85,53.755,98.605,54,10:45:59,106,12:19:59,117.2,160,-42.8
1/12/2017,174.2,159.15,226.46,206.895,92.55,15:15:59,209.5,11:09:59,333.35,302.05,31.3
4/12/2017,166.8,171,216.84,222.3,109.35,15:15:59,246.5,13:56:59,337.8,355.85,-18.05
5/12/2017,159.15,139.05,206.895,180.765,214.05,14:00:59,187.45,13:06:59,298.2,401.5,-103.3
6/12/2017,136.5,93.4,177.45,121.42,24.1,15:15:59,123.85,11:54:59,229.9,147.95,81.95
7/12/2017,33.15,68,43.095,88.4,45.9,10:36:59,0.3,15:15:59,101.15,46.2,54.95
8/12/2017,136.55,162.15,177.515,210.795,148.25,15:15:59,126.4,15:15:59,298.7,274.65,24.05
11/12/2017,125.45,111.95,163.085,145.535,110.7,15:15:59,147.15,10:46:59,237.4,257.85,-20.45
12/12/2017,102.95,113.35,133.835,147.355,79.35,15:15:59,129.7,15:15:59,216.3,209.05,7.25
13/12/2017,72,111.35,93.6,144.755,101.25,11:00:59,148.5,14:06:59,183.35,249.75,-66.4
14/12/2017,59.45,67.1,77.285,87.23,79.15,13:26:59,89.45,11:13:59,126.55,168.6,-42.05
15/12/2017,260.3,195.65,338.39,254.345,274.5,15:15:59,191.75,15:15:59,455.95,466.25,-10.3
18/12/2017,195.95,172.05,254.735,223.665,158.2,15:15:59,223.85,14:59:59,368,382.05,-14.05
19/12/2017,139.55,123.35,181.415,160.355,187.9,14:45:59,79.3,15:15:59,262.9,267.2,-4.3
20/12/2017,69.3,118.75,90.09,154.375,93.75,11:09:59,120.95,15:15:59,188.05,214.7,-26.65
21/12/2017,61.6,35.6,80.08,46.28,80.45,11:09:59,0.05,15:15:59,97.2,80.5,16.7
22/12/2017,160.05,125.9,208.065,163.67,209.95,10:51:59,96.5,15:15:59,285.95,306.45,-20.5
26/12/2017,115.5,101,150.15,131.3,151.5,15:22:59,70.15,15:15:59,216.5,221.65,-5.15
27/12/2017,88.75,76,115.375,98.8,20.5,15:15:59,135,14:21:59,164.75,155.5,9.25
28/12/2017,41.5,77.1,53.95,100.23,60.05,13:52:59,9.45,15:15:59,118.6,69.5,49.1
29/12/2017,148.25,128.85,192.725,167.505,134.3,15:15:59,127.6,15:15:59,277.1,261.9,15.2
01/01/2018,92.6,149.35,120.38,194.155,46.4,15:15:59,199.9,14:54:59
02/01/2018,125.0,98.55,162.5,128.115,110.0,15:15:59,132.7,13:56:59
